class_name	slot_group	slot_uri	title	name	range	range_2	identifier	multivalued	required	recommended	minimum_value	maximum_value	pattern	structured_pattern	description	comments	examples
Jason_emissions;Jason_concentrations;Jason_sampleType			Sampling Metadata														
Jason_emissions;Jason_concentrations;Jason_sampleType	Sampling Metadata		sample id	sample_id	WhitespaceMinimizedString		TRUE		TRUE						Unique sample ID 	Unique identifier assigned to each sampler prior to deployment. The ID should remain unchanged throughout sample collection and analysis.	S324;S647;S669
Jason_sampleType	Sampling Metadata		sample type	sample_type	Sample type option				TRUE						Type of sampler deployed	Indicates the type of sampler used for sample collection. Values should correspond to the predefined sampler categories.	emissions;air, field blank
Jason_sampleType	Sampling Metadata		room id	room_id	WhitespaceMinimizedString				TRUE						Room ID assigned in the field	Identifier used to designate the room or location where the sampler was deployed. Should match the room naming convention used for the site.	260; Mezzanine;Gym
Jason_sampleType	Sampling Metadata		materials	materials	WhitespaceMinimizedString				TRUE						Specific material, surface, matrix etc. that was sampled	Describes the material, surface, or matrix from which the sample was collected. Use consistent terminology across samples.	Fireproof Coating; Mastic;Steel Beam
Jason_sampleType	Sampling Metadata		school id	school_id	WhitespaceMinimizedString		TRUE		TRUE						Unqiue school ID	Identifier assigned to each school or building included in the study. Should be consistent across all sampling rounds.	SCH A;SCH O; SCH K
Jason_sampleType	Sampling Metadata		sampling round	sampling_round	integer				TRUE						The sampling round associated with each sample for a school	Indicates the sampling event or campaign sequence for the school. Used to distinguish repeated measurements collected over time.	1;2;3
Jason_sampleType	Sampling Metadata		remediation	remediation	Remediation option				TRUE						Indicates if the sampler was deployed before or after remediation was performed on the material	Specifies whether sample collection occurred before or after remediation activities associated with the sampled material.	Before;After;Interim
Jason_sampleType	Sampling Metadata		sampling start date	sampling_start_date	date				TRUE						Sampler deployment start date	Date on which the sampler was deployed in the field. Represents the beginning of the sampling period.	2023-12-09;2024-12-06
Jason_sampleType	Sampling Metadata		sampling end date	sampling_end_date	date				TRUE						Sampler deployment collection/end date	Date on which the sampler was retrieved or sampling was completed. Represents the end of the sampling period.	2024-07-17;2025-07-16
Jason_sampleType	Sampling Metadata		remendiation method	remendiation_method	WhitespaceMinimizedString				TRUE						Describes how the material was remediated	Describes the remediation approach or treatment applied to the sampled material prior to or following sampling. Use standardized terminology when possible.	srcRmEncap;surfaceRm;renovated
Jason_emissions;Jason_concentrations			PCB measurement						TRUE								
Jason_emissions;Jason_concentrations	PCB measurement		tPCB	tPCB	Null value option	float			TRUE		0				total PCBs, sum of all 209 PCB congeners	Total PCB concentration calculated as the sum of all measured PCB congeners. Values should be reported using the units specified for the study.	
Jason_emissions;Jason_concentrations	PCB measurement		PCB1	PCB1	Null value option	float			TRUE		0				Concentration or mass measurement for PCB congener 1.	Numeric value expected.       Special values:       NA = missing value.       ND = below the limit of quantification (LOQ).	"0.001"; ND; NA
Jason_emissions;Jason_concentrations	PCB measurement		PCB2	PCB2	Null value option	float			TRUE		0				Concentration or mass measurement for PCB congener 2.	Numeric value expected.       Special values:       NA = missing value.       ND = below the limit of quantification (LOQ).	"0.002"; ND; NA
Jason_emissions;Jason_concentrations	PCB measurement		PCB3	PCB3	Null value option	float			TRUE		0				Concentration or mass measurement for PCB congener 3.	Numeric value expected.       Special values:       NA = missing value.       ND = below the limit of quantification (LOQ).	"0.003"; ND; NA
Jason_emissions;Jason_concentrations	PCB measurement		PCB4	PCB4	Null value option	float			TRUE		0				Concentration or mass measurement for PCB congener 4.	Numeric value expected.       Special values:       NA = missing value.       ND = below the limit of quantification (LOQ).	"0.004"; ND; NA
Jason_emissions;Jason_concentrations	PCB measurement		PCB5	PCB5	Null value option	float			TRUE		0				Concentration or mass measurement for PCB congener 5.	Numeric value expected.       Special values:       NA = missing value.       ND = below the limit of quantification (LOQ).	"0.005"; ND; NA
Jason_emissions;Jason_concentrations	PCB measurement		PCB6	PCB6	Null value option	float			TRUE		0				Concentration or mass measurement for PCB congener 6.	Numeric value expected.       Special values:       NA = missing value.       ND = below the limit of quantification (LOQ).	"0.006"; ND; NA
Jason_emissions;Jason_concentrations	PCB measurement		PCB7	PCB7	Null value option	float			TRUE		0				Concentration or mass measurement for PCB congener 7.	Numeric value expected.       Special values:       NA = missing value.       ND = below the limit of quantification (LOQ).	"0.007"; ND; NA
Jason_emissions;Jason_concentrations	PCB measurement		PCB8	PCB8	Null value option	float			TRUE		0				Concentration or mass measurement for PCB congener 8.	Numeric value expected.       Special values:       NA = missing value.       ND = below the limit of quantification (LOQ).	"0.008"; ND; NA
Jason_emissions;Jason_concentrations	PCB measurement		PCB9	PCB9	Null value option	float			TRUE		0				Concentration or mass measurement for PCB congener 9.	Numeric value expected.       Special values:       NA = missing value.       ND = below the limit of quantification (LOQ).	"0.009"; ND; NA
Jason_emissions;Jason_concentrations	PCB measurement		PCB10	PCB10	Null value option	float			TRUE		0				Concentration or mass measurement for PCB congener 10.	Numeric value expected.       Special values:       NA = missing value.       ND = below the limit of quantification (LOQ).	"0.010"; ND; NA
Jason_emissions;Jason_concentrations	PCB measurement		PCB11	PCB11	Null value option	float			TRUE		0				Concentration or mass measurement for PCB congener 11.	Numeric value expected.       Special values:       NA = missing value.       ND = below the limit of quantification (LOQ).	"0.011"; ND; NA
Jason_emissions;Jason_concentrations	PCB measurement		PCB12.13	PCB12.13	Null value option	float			TRUE		0				Concentration or mass measurement for PCB congener 12.13.	Numeric value expected.       Special values:       NA = missing value.       ND = below the limit of quantification (LOQ).	"0.012"; ND; NA
Jason_emissions;Jason_concentrations	PCB measurement		PCB14	PCB14	Null value option	float			TRUE		0				Concentration or mass measurement for PCB congener 14.	Numeric value expected.       Special values:       NA = missing value.       ND = below the limit of quantification (LOQ).	"0.013"; ND; NA
Jason_emissions;Jason_concentrations	PCB measurement		PCB15	PCB15	Null value option	float			TRUE		0				Concentration or mass measurement for PCB congener 15.	Numeric value expected.       Special values:       NA = missing value.       ND = below the limit of quantification (LOQ).	"0.014"; ND; NA
Jason_emissions;Jason_concentrations	PCB measurement		PCB16	PCB16	Null value option	float			TRUE		0				Concentration or mass measurement for PCB congener 16.	Numeric value expected.       Special values:       NA = missing value.       ND = below the limit of quantification (LOQ).	"0.015"; ND; NA
Jason_emissions;Jason_concentrations	PCB measurement		PCB17	PCB17	Null value option	float			TRUE		0				Concentration or mass measurement for PCB congener 17.	Numeric value expected.       Special values:       NA = missing value.       ND = below the limit of quantification (LOQ).	"0.016"; ND; NA
Jason_emissions;Jason_concentrations	PCB measurement		PCB18.30	PCB18.30	Null value option	float			TRUE		0				Concentration or mass measurement for PCB congener 18.30.	Numeric value expected.       Special values:       NA = missing value.       ND = below the limit of quantification (LOQ).	"0.017"; ND; NA
Jason_emissions;Jason_concentrations	PCB measurement		PCB19	PCB19	Null value option	float			TRUE		0				Concentration or mass measurement for PCB congener 19.	Numeric value expected.       Special values:       NA = missing value.       ND = below the limit of quantification (LOQ).	"0.018"; ND; NA
Jason_emissions;Jason_concentrations	PCB measurement		PCB20.28	PCB20.28	Null value option	float			TRUE		0				Concentration or mass measurement for PCB congener 20.28.	Numeric value expected.       Special values:       NA = missing value.       ND = below the limit of quantification (LOQ).	"0.019"; ND; NA
Jason_emissions;Jason_concentrations	PCB measurement		PCB21.33	PCB21.33	Null value option	float			TRUE		0				Concentration or mass measurement for PCB congener 21.33.	Numeric value expected.       Special values:       NA = missing value.       ND = below the limit of quantification (LOQ).	"0.020"; ND; NA
Jason_emissions;Jason_concentrations	PCB measurement		PCB22	PCB22	Null value option	float			TRUE		0				Concentration or mass measurement for PCB congener 22.	Numeric value expected.       Special values:       NA = missing value.       ND = below the limit of quantification (LOQ).	"0.021"; ND; NA
Jason_emissions;Jason_concentrations	PCB measurement		PCB23	PCB23	Null value option	float			TRUE		0				Concentration or mass measurement for PCB congener 23.	Numeric value expected.       Special values:       NA = missing value.       ND = below the limit of quantification (LOQ).	"0.022"; ND; NA
Jason_emissions;Jason_concentrations	PCB measurement		PCB24	PCB24	Null value option	float			TRUE		0				Concentration or mass measurement for PCB congener 24.	Numeric value expected.       Special values:       NA = missing value.       ND = below the limit of quantification (LOQ).	"0.023"; ND; NA
Jason_emissions;Jason_concentrations	PCB measurement		PCB25	PCB25	Null value option	float			TRUE		0				Concentration or mass measurement for PCB congener 25.	Numeric value expected.       Special values:       NA = missing value.       ND = below the limit of quantification (LOQ).	"0.024"; ND; NA
Jason_emissions;Jason_concentrations	PCB measurement		PCB26.29	PCB26.29	Null value option	float			TRUE		0				Concentration or mass measurement for PCB congener 26.29.	Numeric value expected.       Special values:       NA = missing value.       ND = below the limit of quantification (LOQ).	"0.025"; ND; NA
Jason_emissions;Jason_concentrations	PCB measurement		PCB27	PCB27	Null value option	float			TRUE		0				Concentration or mass measurement for PCB congener 27.	Numeric value expected.       Special values:       NA = missing value.       ND = below the limit of quantification (LOQ).	"0.026"; ND; NA
Jason_emissions;Jason_concentrations	PCB measurement		PCB31	PCB31	Null value option	float			TRUE		0				Concentration or mass measurement for PCB congener 31.	Numeric value expected.       Special values:       NA = missing value.       ND = below the limit of quantification (LOQ).	"0.027"; ND; NA
Jason_emissions;Jason_concentrations	PCB measurement		PCB32	PCB32	Null value option	float			TRUE		0				Concentration or mass measurement for PCB congener 32.	Numeric value expected.       Special values:       NA = missing value.       ND = below the limit of quantification (LOQ).	"0.028"; ND; NA
Jason_emissions;Jason_concentrations	PCB measurement		PCB34	PCB34	Null value option	float			TRUE		0				Concentration or mass measurement for PCB congener 34.	Numeric value expected.       Special values:       NA = missing value.       ND = below the limit of quantification (LOQ).	"0.029"; ND; NA
Jason_emissions;Jason_concentrations	PCB measurement		PCB35	PCB35	Null value option	float			TRUE		0				Concentration or mass measurement for PCB congener 35.	Numeric value expected.       Special values:       NA = missing value.       ND = below the limit of quantification (LOQ).	"0.030"; ND; NA
Jason_emissions;Jason_concentrations	PCB measurement		PCB36	PCB36	Null value option	float			TRUE		0				Concentration or mass measurement for PCB congener 36.	Numeric value expected.       Special values:       NA = missing value.       ND = below the limit of quantification (LOQ).	"0.031"; ND; NA
Jason_emissions;Jason_concentrations	PCB measurement		PCB37	PCB37	Null value option	float			TRUE		0				Concentration or mass measurement for PCB congener 37.	Numeric value expected.       Special values:       NA = missing value.       ND = below the limit of quantification (LOQ).	"0.032"; ND; NA
Jason_emissions;Jason_concentrations	PCB measurement		PCB38	PCB38	Null value option	float			TRUE		0				Concentration or mass measurement for PCB congener 38.	Numeric value expected.       Special values:       NA = missing value.       ND = below the limit of quantification (LOQ).	"0.033"; ND; NA
Jason_emissions;Jason_concentrations	PCB measurement		PCB39	PCB39	Null value option	float			TRUE		0				Concentration or mass measurement for PCB congener 39.	Numeric value expected.       Special values:       NA = missing value.       ND = below the limit of quantification (LOQ).	"0.034"; ND; NA
Jason_emissions;Jason_concentrations	PCB measurement		PCB40.71	PCB40.71	Null value option	float			TRUE		0				Concentration or mass measurement for PCB congener 40.71.	Numeric value expected.       Special values:       NA = missing value.       ND = below the limit of quantification (LOQ).	"0.035"; ND; NA
Jason_emissions;Jason_concentrations	PCB measurement		PCB41	PCB41	Null value option	float			TRUE		0				Concentration or mass measurement for PCB congener 41.	Numeric value expected.       Special values:       NA = missing value.       ND = below the limit of quantification (LOQ).	"0.036"; ND; NA
Jason_emissions;Jason_concentrations	PCB measurement		PCB42	PCB42	Null value option	float			TRUE		0				Concentration or mass measurement for PCB congener 42.	Numeric value expected.       Special values:       NA = missing value.       ND = below the limit of quantification (LOQ).	"0.037"; ND; NA
Jason_emissions;Jason_concentrations	PCB measurement		PCB43	PCB43	Null value option	float			TRUE		0				Concentration or mass measurement for PCB congener 43.	Numeric value expected.       Special values:       NA = missing value.       ND = below the limit of quantification (LOQ).	"0.038"; ND; NA
Jason_emissions;Jason_concentrations	PCB measurement		PCB44.47.65	PCB44.47.65	Null value option	float			TRUE		0				Concentration or mass measurement for PCB congener 44.47.65.	Numeric value expected.       Special values:       NA = missing value.       ND = below the limit of quantification (LOQ).	"0.039"; ND; NA
Jason_emissions;Jason_concentrations	PCB measurement		PCB45	PCB45	Null value option	float			TRUE		0				Concentration or mass measurement for PCB congener 45.	Numeric value expected.       Special values:       NA = missing value.       ND = below the limit of quantification (LOQ).	"0.040"; ND; NA
Jason_emissions;Jason_concentrations	PCB measurement		PCB46	PCB46	Null value option	float			TRUE		0				Concentration or mass measurement for PCB congener 46.	Numeric value expected.       Special values:       NA = missing value.       ND = below the limit of quantification (LOQ).	"0.041"; ND; NA
Jason_emissions;Jason_concentrations	PCB measurement		PCB48	PCB48	Null value option	float			TRUE		0				Concentration or mass measurement for PCB congener 48.	Numeric value expected.       Special values:       NA = missing value.       ND = below the limit of quantification (LOQ).	"0.042"; ND; NA
Jason_emissions;Jason_concentrations	PCB measurement		PCB49.69	PCB49.69	Null value option	float			TRUE		0				Concentration or mass measurement for PCB congener 49.69.	Numeric value expected.       Special values:       NA = missing value.       ND = below the limit of quantification (LOQ).	"0.043"; ND; NA
Jason_emissions;Jason_concentrations	PCB measurement		PCB50.53	PCB50.53	Null value option	float			TRUE		0				Concentration or mass measurement for PCB congener 50.53.	Numeric value expected.       Special values:       NA = missing value.       ND = below the limit of quantification (LOQ).	"0.044"; ND; NA
Jason_emissions;Jason_concentrations	PCB measurement		PCB51	PCB51	Null value option	float			TRUE		0				Concentration or mass measurement for PCB congener 51.	Numeric value expected.       Special values:       NA = missing value.       ND = below the limit of quantification (LOQ).	"0.045"; ND; NA
Jason_emissions;Jason_concentrations	PCB measurement		PCB52	PCB52	Null value option	float			TRUE		0				Concentration or mass measurement for PCB congener 52.	Numeric value expected.       Special values:       NA = missing value.       ND = below the limit of quantification (LOQ).	"0.046"; ND; NA
Jason_emissions;Jason_concentrations	PCB measurement		PCB54	PCB54	Null value option	float			TRUE		0				Concentration or mass measurement for PCB congener 54.	Numeric value expected.       Special values:       NA = missing value.       ND = below the limit of quantification (LOQ).	"0.047"; ND; NA
Jason_emissions;Jason_concentrations	PCB measurement		PCB55	PCB55	Null value option	float			TRUE		0				Concentration or mass measurement for PCB congener 55.	Numeric value expected.       Special values:       NA = missing value.       ND = below the limit of quantification (LOQ).	"0.048"; ND; NA
Jason_emissions;Jason_concentrations	PCB measurement		PCB56	PCB56	Null value option	float			TRUE		0				Concentration or mass measurement for PCB congener 56.	Numeric value expected.       Special values:       NA = missing value.       ND = below the limit of quantification (LOQ).	"0.049"; ND; NA
Jason_emissions;Jason_concentrations	PCB measurement		PCB57	PCB57	Null value option	float			TRUE		0				Concentration or mass measurement for PCB congener 57.	Numeric value expected.       Special values:       NA = missing value.       ND = below the limit of quantification (LOQ).	"0.050"; ND; NA
Jason_emissions;Jason_concentrations	PCB measurement		PCB58	PCB58	Null value option	float			TRUE		0				Concentration or mass measurement for PCB congener 58.	Numeric value expected.       Special values:       NA = missing value.       ND = below the limit of quantification (LOQ).	"0.051"; ND; NA
Jason_emissions;Jason_concentrations	PCB measurement		PCB59.62.75	PCB59.62.75	Null value option	float			TRUE		0				Concentration or mass measurement for PCB congener 59.62.75.	Numeric value expected.       Special values:       NA = missing value.       ND = below the limit of quantification (LOQ).	"0.052"; ND; NA
Jason_emissions;Jason_concentrations	PCB measurement		PCB60	PCB60	Null value option	float			TRUE		0				Concentration or mass measurement for PCB congener 60.	Numeric value expected.       Special values:       NA = missing value.       ND = below the limit of quantification (LOQ).	"0.053"; ND; NA
Jason_emissions;Jason_concentrations	PCB measurement		PCB61.70.74.76	PCB61.70.74.76	Null value option	float			TRUE		0				Concentration or mass measurement for PCB congener 61.70.74.76.	Numeric value expected.       Special values:       NA = missing value.       ND = below the limit of quantification (LOQ).	"0.054"; ND; NA
Jason_emissions;Jason_concentrations	PCB measurement		PCB63	PCB63	Null value option	float			TRUE		0				Concentration or mass measurement for PCB congener 63.	Numeric value expected.       Special values:       NA = missing value.       ND = below the limit of quantification (LOQ).	"0.055"; ND; NA
Jason_emissions;Jason_concentrations	PCB measurement		PCB64	PCB64	Null value option	float			TRUE		0				Concentration or mass measurement for PCB congener 64.	Numeric value expected.       Special values:       NA = missing value.       ND = below the limit of quantification (LOQ).	"0.056"; ND; NA
Jason_emissions;Jason_concentrations	PCB measurement		PCB66	PCB66	Null value option	float			TRUE		0				Concentration or mass measurement for PCB congener 66.	Numeric value expected.       Special values:       NA = missing value.       ND = below the limit of quantification (LOQ).	"0.057"; ND; NA
Jason_emissions;Jason_concentrations	PCB measurement		PCB67	PCB67	Null value option	float			TRUE		0				Concentration or mass measurement for PCB congener 67.	Numeric value expected.       Special values:       NA = missing value.       ND = below the limit of quantification (LOQ).	"0.058"; ND; NA
Jason_emissions;Jason_concentrations	PCB measurement		PCB68	PCB68	Null value option	float			TRUE		0				Concentration or mass measurement for PCB congener 68.	Numeric value expected.       Special values:       NA = missing value.       ND = below the limit of quantification (LOQ).	"0.059"; ND; NA
Jason_emissions;Jason_concentrations	PCB measurement		PCB72	PCB72	Null value option	float			TRUE		0				Concentration or mass measurement for PCB congener 72.	Numeric value expected.       Special values:       NA = missing value.       ND = below the limit of quantification (LOQ).	"0.060"; ND; NA
Jason_emissions;Jason_concentrations	PCB measurement		PCB73	PCB73	Null value option	float			TRUE		0				Concentration or mass measurement for PCB congener 73.	Numeric value expected.       Special values:       NA = missing value.       ND = below the limit of quantification (LOQ).	"0.061"; ND; NA
Jason_emissions;Jason_concentrations	PCB measurement		PCB77	PCB77	Null value option	float			TRUE		0				Concentration or mass measurement for PCB congener 77.	Numeric value expected.       Special values:       NA = missing value.       ND = below the limit of quantification (LOQ).	"0.062"; ND; NA
Jason_emissions;Jason_concentrations	PCB measurement		PCB78	PCB78	Null value option	float			TRUE		0				Concentration or mass measurement for PCB congener 78.	Numeric value expected.       Special values:       NA = missing value.       ND = below the limit of quantification (LOQ).	"0.063"; ND; NA
Jason_emissions;Jason_concentrations	PCB measurement		PCB79	PCB79	Null value option	float			TRUE		0				Concentration or mass measurement for PCB congener 79.	Numeric value expected.       Special values:       NA = missing value.       ND = below the limit of quantification (LOQ).	"0.064"; ND; NA
Jason_emissions;Jason_concentrations	PCB measurement		PCB80	PCB80	Null value option	float			TRUE		0				Concentration or mass measurement for PCB congener 80.	Numeric value expected.       Special values:       NA = missing value.       ND = below the limit of quantification (LOQ).	"0.065"; ND; NA
Jason_emissions;Jason_concentrations	PCB measurement		PCB81	PCB81	Null value option	float			TRUE		0				Concentration or mass measurement for PCB congener 81.	Numeric value expected.       Special values:       NA = missing value.       ND = below the limit of quantification (LOQ).	"0.066"; ND; NA
Jason_emissions;Jason_concentrations	PCB measurement		PCB82	PCB82	Null value option	float			TRUE		0				Concentration or mass measurement for PCB congener 82.	Numeric value expected.       Special values:       NA = missing value.       ND = below the limit of quantification (LOQ).	"0.067"; ND; NA
Jason_emissions;Jason_concentrations	PCB measurement		PCB83	PCB83	Null value option	float			TRUE		0				Concentration or mass measurement for PCB congener 83.	Numeric value expected.       Special values:       NA = missing value.       ND = below the limit of quantification (LOQ).	"0.067"; ND; NA
Jason_emissions;Jason_concentrations	PCB measurement		PCB84	PCB84	Null value option	float			TRUE		0				Concentration or mass measurement for PCB congener 84.	Numeric value expected.       Special values:       NA = missing value.       ND = below the limit of quantification (LOQ).	"0.067"; ND; NA
Jason_emissions;Jason_concentrations	PCB measurement		PCB85.116	PCB85.116	Null value option	float			TRUE		0				Concentration or mass measurement for PCB congener 85.116.	Numeric value expected.       Special values:       NA = missing value.       ND = below the limit of quantification (LOQ).	"0.068"; ND; NA
Jason_emissions;Jason_concentrations	PCB measurement		PCB86.97.109.119	PCB86.97.109.119	Null value option	float			TRUE		0				Concentration or mass measurement for PCB congener 86.97.109.119.	Numeric value expected.       Special values:       NA = missing value.       ND = below the limit of quantification (LOQ).	"0.069"; ND; NA
Jason_emissions;Jason_concentrations	PCB measurement		PCB87.125	PCB87.125	Null value option	float			TRUE		0				Concentration or mass measurement for PCB congener 87.125.	Numeric value expected.       Special values:       NA = missing value.       ND = below the limit of quantification (LOQ).	"0.070"; ND; NA
Jason_emissions;Jason_concentrations	PCB measurement		PCB88	PCB88	Null value option	float			TRUE		0				Concentration or mass measurement for PCB congener 88.	Numeric value expected.       Special values:       NA = missing value.       ND = below the limit of quantification (LOQ).	"0.071"; ND; NA
Jason_emissions;Jason_concentrations	PCB measurement		PCB89	PCB89	Null value option	float			TRUE		0				Concentration or mass measurement for PCB congener 89.	Numeric value expected.       Special values:       NA = missing value.       ND = below the limit of quantification (LOQ).	"0.072"; ND; NA
Jason_emissions;Jason_concentrations	PCB measurement		PCB90.101.113	PCB90.101.113	Null value option	float			TRUE		0				Concentration or mass measurement for PCB congener 90.101.113.	Numeric value expected.       Special values:       NA = missing value.       ND = below the limit of quantification (LOQ).	"0.073"; ND; NA
Jason_emissions;Jason_concentrations	PCB measurement		PCB91	PCB91	Null value option	float			TRUE		0				Concentration or mass measurement for PCB congener 91.	Numeric value expected.       Special values:       NA = missing value.       ND = below the limit of quantification (LOQ).	"0.074"; ND; NA
Jason_emissions;Jason_concentrations	PCB measurement		PCB92	PCB92	Null value option	float			TRUE		0				Concentration or mass measurement for PCB congener 92.	Numeric value expected.       Special values:       NA = missing value.       ND = below the limit of quantification (LOQ).	"0.075"; ND; NA
Jason_emissions;Jason_concentrations	PCB measurement		PCB93.100	PCB93.100	Null value option	float			TRUE		0				Concentration or mass measurement for PCB congener 93.100.	Numeric value expected.       Special values:       NA = missing value.       ND = below the limit of quantification (LOQ).	"0.076"; ND; NA
Jason_emissions;Jason_concentrations	PCB measurement		PCB94	PCB94	Null value option	float			TRUE		0				Concentration or mass measurement for PCB congener 94.	Numeric value expected.       Special values:       NA = missing value.       ND = below the limit of quantification (LOQ).	"0.077"; ND; NA
Jason_emissions;Jason_concentrations	PCB measurement		PCB95	PCB95	Null value option	float			TRUE		0				Concentration or mass measurement for PCB congener 95.	Numeric value expected.       Special values:       NA = missing value.       ND = below the limit of quantification (LOQ).	"0.078"; ND; NA
Jason_emissions;Jason_concentrations	PCB measurement		PCB96	PCB96	Null value option	float			TRUE		0				Concentration or mass measurement for PCB congener 96.	Numeric value expected.       Special values:       NA = missing value.       ND = below the limit of quantification (LOQ).	"0.079"; ND; NA
Jason_emissions;Jason_concentrations	PCB measurement		PCB98	PCB98	Null value option	float			TRUE		0				Concentration or mass measurement for PCB congener 98.	Numeric value expected.       Special values:       NA = missing value.       ND = below the limit of quantification (LOQ).	"0.080"; ND; NA
Jason_emissions;Jason_concentrations	PCB measurement		PCB99	PCB99	Null value option	float			TRUE		0				Concentration or mass measurement for PCB congener 99.	Numeric value expected.       Special values:       NA = missing value.       ND = below the limit of quantification (LOQ).	"0.081"; ND; NA
Jason_emissions;Jason_concentrations	PCB measurement		PCB102	PCB102	Null value option	float			TRUE		0				Concentration or mass measurement for PCB congener 102.	Numeric value expected.       Special values:       NA = missing value.       ND = below the limit of quantification (LOQ).	"0.082"; ND; NA
Jason_emissions;Jason_concentrations	PCB measurement		PCB103	PCB103	Null value option	float			TRUE		0				Concentration or mass measurement for PCB congener 103.	Numeric value expected.       Special values:       NA = missing value.       ND = below the limit of quantification (LOQ).	"0.083"; ND; NA
Jason_emissions;Jason_concentrations	PCB measurement		PCB104	PCB104	Null value option	float			TRUE		0				Concentration or mass measurement for PCB congener 104.	Numeric value expected.       Special values:       NA = missing value.       ND = below the limit of quantification (LOQ).	"0.084"; ND; NA
Jason_emissions;Jason_concentrations	PCB measurement		PCB105	PCB105	Null value option	float			TRUE		0				Concentration or mass measurement for PCB congener 105.	Numeric value expected.       Special values:       NA = missing value.       ND = below the limit of quantification (LOQ).	"0.085"; ND; NA
Jason_emissions;Jason_concentrations	PCB measurement		PCB106	PCB106	Null value option	float			TRUE		0				Concentration or mass measurement for PCB congener 106.	Numeric value expected.       Special values:       NA = missing value.       ND = below the limit of quantification (LOQ).	"0.086"; ND; NA
Jason_emissions;Jason_concentrations	PCB measurement		PCB107	PCB107	Null value option	float			TRUE		0				Concentration or mass measurement for PCB congener 107.	Numeric value expected.       Special values:       NA = missing value.       ND = below the limit of quantification (LOQ).	"0.087"; ND; NA
Jason_emissions;Jason_concentrations	PCB measurement		PCB108.124	PCB108.124	Null value option	float			TRUE		0				Concentration or mass measurement for PCB congener 108.124.	Numeric value expected.       Special values:       NA = missing value.       ND = below the limit of quantification (LOQ).	"0.088"; ND; NA
Jason_emissions;Jason_concentrations	PCB measurement		PCB110	PCB110	Null value option	float			TRUE		0				Concentration or mass measurement for PCB congener 110.	Numeric value expected.       Special values:       NA = missing value.       ND = below the limit of quantification (LOQ).	"0.089"; ND; NA
Jason_emissions;Jason_concentrations	PCB measurement		PCB111	PCB111	Null value option	float			TRUE		0				Concentration or mass measurement for PCB congener 111.	Numeric value expected.       Special values:       NA = missing value.       ND = below the limit of quantification (LOQ).	"0.090"; ND; NA
Jason_emissions;Jason_concentrations	PCB measurement		PCB112	PCB112	Null value option	float			TRUE		0				Concentration or mass measurement for PCB congener 112.	Numeric value expected.       Special values:       NA = missing value.       ND = below the limit of quantification (LOQ).	"0.091"; ND; NA
Jason_emissions;Jason_concentrations	PCB measurement		PCB114	PCB114	Null value option	float			TRUE		0				Concentration or mass measurement for PCB congener 114.	Numeric value expected.       Special values:       NA = missing value.       ND = below the limit of quantification (LOQ).	"0.092"; ND; NA
Jason_emissions;Jason_concentrations	PCB measurement		PCB115	PCB115	Null value option	float			TRUE		0				Concentration or mass measurement for PCB congener 115.	Numeric value expected.       Special values:       NA = missing value.       ND = below the limit of quantification (LOQ).	"0.093"; ND; NA
Jason_emissions;Jason_concentrations	PCB measurement		PCB117	PCB117	Null value option	float			TRUE		0				Concentration or mass measurement for PCB congener 117.	Numeric value expected.       Special values:       NA = missing value.       ND = below the limit of quantification (LOQ).	"0.094"; ND; NA
Jason_emissions;Jason_concentrations	PCB measurement		PCB118	PCB118	Null value option	float			TRUE		0				Concentration or mass measurement for PCB congener 118.	Numeric value expected.       Special values:       NA = missing value.       ND = below the limit of quantification (LOQ).	"0.095"; ND; NA
Jason_emissions;Jason_concentrations	PCB measurement		PCB120	PCB120	Null value option	float			TRUE		0				Concentration or mass measurement for PCB congener 120.	Numeric value expected.       Special values:       NA = missing value.       ND = below the limit of quantification (LOQ).	"0.096"; ND; NA
Jason_emissions;Jason_concentrations	PCB measurement		PCB121	PCB121	Null value option	float			TRUE		0				Concentration or mass measurement for PCB congener 121.	Numeric value expected.       Special values:       NA = missing value.       ND = below the limit of quantification (LOQ).	"0.097"; ND; NA
Jason_emissions;Jason_concentrations	PCB measurement		PCB122	PCB122	Null value option	float			TRUE		0				Concentration or mass measurement for PCB congener 122.	Numeric value expected.       Special values:       NA = missing value.       ND = below the limit of quantification (LOQ).	"0.098"; ND; NA
Jason_emissions;Jason_concentrations	PCB measurement		PCB123	PCB123	Null value option	float			TRUE		0				Concentration or mass measurement for PCB congener 123.	Numeric value expected.       Special values:       NA = missing value.       ND = below the limit of quantification (LOQ).	"0.099"; ND; NA
Jason_emissions;Jason_concentrations	PCB measurement		PCB126	PCB126	Null value option	float			TRUE		0				Concentration or mass measurement for PCB congener 126.	Numeric value expected.       Special values:       NA = missing value.       ND = below the limit of quantification (LOQ).	"0.100"; ND; NA
Jason_emissions;Jason_concentrations	PCB measurement		PCB127	PCB127	Null value option	float			TRUE		0				Concentration or mass measurement for PCB congener 127.	Numeric value expected.       Special values:       NA = missing value.       ND = below the limit of quantification (LOQ).	"0.101"; ND; NA
Jason_emissions;Jason_concentrations	PCB measurement		PCB128.166	PCB128.166	Null value option	float			TRUE		0				Concentration or mass measurement for PCB congener 128.166.	Numeric value expected.       Special values:       NA = missing value.       ND = below the limit of quantification (LOQ).	"0.102"; ND; NA
Jason_emissions;Jason_concentrations	PCB measurement		PCB129.138.163	PCB129.138.163	Null value option	float			TRUE		0				Concentration or mass measurement for PCB congener 129.138.163.	Numeric value expected.       Special values:       NA = missing value.       ND = below the limit of quantification (LOQ).	"0.103"; ND; NA
Jason_emissions;Jason_concentrations	PCB measurement		PCB130	PCB130	Null value option	float			TRUE		0				Concentration or mass measurement for PCB congener 130.	Numeric value expected.       Special values:       NA = missing value.       ND = below the limit of quantification (LOQ).	"0.104"; ND; NA
Jason_emissions;Jason_concentrations	PCB measurement		PCB131	PCB131	Null value option	float			TRUE		0				Concentration or mass measurement for PCB congener 131.	Numeric value expected.       Special values:       NA = missing value.       ND = below the limit of quantification (LOQ).	"0.105"; ND; NA
Jason_emissions;Jason_concentrations	PCB measurement		PCB132	PCB132	Null value option	float			TRUE		0				Concentration or mass measurement for PCB congener 132.	Numeric value expected.       Special values:       NA = missing value.       ND = below the limit of quantification (LOQ).	"0.106"; ND; NA
Jason_emissions;Jason_concentrations	PCB measurement		PCB133	PCB133	Null value option	float			TRUE		0				Concentration or mass measurement for PCB congener 133.	Numeric value expected.       Special values:       NA = missing value.       ND = below the limit of quantification (LOQ).	"0.107"; ND; NA
Jason_emissions;Jason_concentrations	PCB measurement		PCB134	PCB134	Null value option	float			TRUE		0				Concentration or mass measurement for PCB congener 134.	Numeric value expected.       Special values:       NA = missing value.       ND = below the limit of quantification (LOQ).	"0.108"; ND; NA
Jason_emissions;Jason_concentrations	PCB measurement		PCB135.151	PCB135.151	Null value option	float			TRUE		0				Concentration or mass measurement for PCB congener 135.151.	Numeric value expected.       Special values:       NA = missing value.       ND = below the limit of quantification (LOQ).	"0.109"; ND; NA
Jason_emissions;Jason_concentrations	PCB measurement		PCB136	PCB136	Null value option	float			TRUE		0				Concentration or mass measurement for PCB congener 136.	Numeric value expected.       Special values:       NA = missing value.       ND = below the limit of quantification (LOQ).	"0.110"; ND; NA
Jason_emissions;Jason_concentrations	PCB measurement		PCB137	PCB137	Null value option	float			TRUE		0				Concentration or mass measurement for PCB congener 137.	Numeric value expected.       Special values:       NA = missing value.       ND = below the limit of quantification (LOQ).	"0.111"; ND; NA
Jason_emissions;Jason_concentrations	PCB measurement		PCB139.140	PCB139.140	Null value option	float			TRUE		0				Concentration or mass measurement for PCB congener 139.140.	Numeric value expected.       Special values:       NA = missing value.       ND = below the limit of quantification (LOQ).	"0.112"; ND; NA
Jason_emissions;Jason_concentrations	PCB measurement		PCB141	PCB141	Null value option	float			TRUE		0				Concentration or mass measurement for PCB congener 141.	Numeric value expected.       Special values:       NA = missing value.       ND = below the limit of quantification (LOQ).	"0.113"; ND; NA
Jason_emissions;Jason_concentrations	PCB measurement		PCB142	PCB142	Null value option	float			TRUE		0				Concentration or mass measurement for PCB congener 142.	Numeric value expected.       Special values:       NA = missing value.       ND = below the limit of quantification (LOQ).	"0.114"; ND; NA
Jason_emissions;Jason_concentrations	PCB measurement		PCB143	PCB143	Null value option	float			TRUE		0				Concentration or mass measurement for PCB congener 143.	Numeric value expected.       Special values:       NA = missing value.       ND = below the limit of quantification (LOQ).	"0.115"; ND; NA
Jason_emissions;Jason_concentrations	PCB measurement		PCB144	PCB144	Null value option	float			TRUE		0				Concentration or mass measurement for PCB congener 144.	Numeric value expected.       Special values:       NA = missing value.       ND = below the limit of quantification (LOQ).	"0.116"; ND; NA
Jason_emissions;Jason_concentrations	PCB measurement		PCB145	PCB145	Null value option	float			TRUE		0				Concentration or mass measurement for PCB congener 145.	Numeric value expected.       Special values:       NA = missing value.       ND = below the limit of quantification (LOQ).	"0.117"; ND; NA
Jason_emissions;Jason_concentrations	PCB measurement		PCB146	PCB146	Null value option	float			TRUE		0				Concentration or mass measurement for PCB congener 146.	Numeric value expected.       Special values:       NA = missing value.       ND = below the limit of quantification (LOQ).	"0.118"; ND; NA
Jason_emissions;Jason_concentrations	PCB measurement		PCB147.149	PCB147.149	Null value option	float			TRUE		0				Concentration or mass measurement for PCB congener 147.149.	Numeric value expected.       Special values:       NA = missing value.       ND = below the limit of quantification (LOQ).	"0.119"; ND; NA
Jason_emissions;Jason_concentrations	PCB measurement		PCB148	PCB148	Null value option	float			TRUE		0				Concentration or mass measurement for PCB congener 148.	Numeric value expected.       Special values:       NA = missing value.       ND = below the limit of quantification (LOQ).	"0.120"; ND; NA
Jason_emissions;Jason_concentrations	PCB measurement		PCB150	PCB150	Null value option	float			TRUE		0				Concentration or mass measurement for PCB congener 150.	Numeric value expected.       Special values:       NA = missing value.       ND = below the limit of quantification (LOQ).	"0.121"; ND; NA
Jason_emissions;Jason_concentrations	PCB measurement		PCB152	PCB152	Null value option	float			TRUE		0				Concentration or mass measurement for PCB congener 152.	Numeric value expected.       Special values:       NA = missing value.       ND = below the limit of quantification (LOQ).	"0.122"; ND; NA
Jason_emissions;Jason_concentrations	PCB measurement		PCB153.168	PCB153.168	Null value option	float			TRUE		0				Concentration or mass measurement for PCB congener 153.168.	Numeric value expected.       Special values:       NA = missing value.       ND = below the limit of quantification (LOQ).	"0.123"; ND; NA
Jason_emissions;Jason_concentrations	PCB measurement		PCB154	PCB154	Null value option	float			TRUE		0				Concentration or mass measurement for PCB congener 154.	Numeric value expected.       Special values:       NA = missing value.       ND = below the limit of quantification (LOQ).	"0.124"; ND; NA
Jason_emissions;Jason_concentrations	PCB measurement		PCB155	PCB155	Null value option	float			TRUE		0				Concentration or mass measurement for PCB congener 155.	Numeric value expected.       Special values:       NA = missing value.       ND = below the limit of quantification (LOQ).	"0.125"; ND; NA
Jason_emissions;Jason_concentrations	PCB measurement		PCB156.157	PCB156.157	Null value option	float			TRUE		0				Concentration or mass measurement for PCB congener 156.157.	Numeric value expected.       Special values:       NA = missing value.       ND = below the limit of quantification (LOQ).	"0.126"; ND; NA
Jason_emissions;Jason_concentrations	PCB measurement		PCB158	PCB158	Null value option	float			TRUE		0				Concentration or mass measurement for PCB congener 158.	Numeric value expected.       Special values:       NA = missing value.       ND = below the limit of quantification (LOQ).	"0.127"; ND; NA
Jason_emissions;Jason_concentrations	PCB measurement		PCB159	PCB159	Null value option	float			TRUE		0				Concentration or mass measurement for PCB congener 159.	Numeric value expected.       Special values:       NA = missing value.       ND = below the limit of quantification (LOQ).	"0.128"; ND; NA
Jason_emissions;Jason_concentrations	PCB measurement		PCB160	PCB160	Null value option	float			TRUE		0				Concentration or mass measurement for PCB congener 160.	Numeric value expected.       Special values:       NA = missing value.       ND = below the limit of quantification (LOQ).	"0.129"; ND; NA
Jason_emissions;Jason_concentrations	PCB measurement		PCB161	PCB161	Null value option	float			TRUE		0				Concentration or mass measurement for PCB congener 161.	Numeric value expected.       Special values:       NA = missing value.       ND = below the limit of quantification (LOQ).	"0.130"; ND; NA
Jason_emissions;Jason_concentrations	PCB measurement		PCB162	PCB162	Null value option	float			TRUE		0				Concentration or mass measurement for PCB congener 162.	Numeric value expected.       Special values:       NA = missing value.       ND = below the limit of quantification (LOQ).	"0.131"; ND; NA
Jason_emissions;Jason_concentrations	PCB measurement		PCB164	PCB164	Null value option	float			TRUE		0				Concentration or mass measurement for PCB congener 164.	Numeric value expected.       Special values:       NA = missing value.       ND = below the limit of quantification (LOQ).	"0.132"; ND; NA
Jason_emissions;Jason_concentrations	PCB measurement		PCB165	PCB165	Null value option	float			TRUE		0				Concentration or mass measurement for PCB congener 165.	Numeric value expected.       Special values:       NA = missing value.       ND = below the limit of quantification (LOQ).	"0.133"; ND; NA
Jason_emissions;Jason_concentrations	PCB measurement		PCB167	PCB167	Null value option	float			TRUE		0				Concentration or mass measurement for PCB congener 167.	Numeric value expected.       Special values:       NA = missing value.       ND = below the limit of quantification (LOQ).	"0.134"; ND; NA
Jason_emissions;Jason_concentrations	PCB measurement		PCB169	PCB169	Null value option	float			TRUE		0				Concentration or mass measurement for PCB congener 169.	Numeric value expected.       Special values:       NA = missing value.       ND = below the limit of quantification (LOQ).	"0.135"; ND; NA
Jason_emissions;Jason_concentrations	PCB measurement		PCB170	PCB170	Null value option	float			TRUE		0				Concentration or mass measurement for PCB congener 170.	Numeric value expected.       Special values:       NA = missing value.       ND = below the limit of quantification (LOQ).	"0.136"; ND; NA
Jason_emissions;Jason_concentrations	PCB measurement		PCB171.173	PCB171.173	Null value option	float			TRUE		0				Concentration or mass measurement for PCB congener 171.173.	Numeric value expected.       Special values:       NA = missing value.       ND = below the limit of quantification (LOQ).	"0.137"; ND; NA
Jason_emissions;Jason_concentrations	PCB measurement		PCB172	PCB172	Null value option	float			TRUE		0				Concentration or mass measurement for PCB congener 172.	Numeric value expected.       Special values:       NA = missing value.       ND = below the limit of quantification (LOQ).	"0.138"; ND; NA
Jason_emissions;Jason_concentrations	PCB measurement		PCB174	PCB174	Null value option	float			TRUE		0				Concentration or mass measurement for PCB congener 174.	Numeric value expected.       Special values:       NA = missing value.       ND = below the limit of quantification (LOQ).	"0.139"; ND; NA
Jason_emissions;Jason_concentrations	PCB measurement		PCB175	PCB175	Null value option	float			TRUE		0				Concentration or mass measurement for PCB congener 175.	Numeric value expected.       Special values:       NA = missing value.       ND = below the limit of quantification (LOQ).	"0.140"; ND; NA
Jason_emissions;Jason_concentrations	PCB measurement		PCB176	PCB176	Null value option	float			TRUE		0				Concentration or mass measurement for PCB congener 176.	Numeric value expected.       Special values:       NA = missing value.       ND = below the limit of quantification (LOQ).	"0.141"; ND; NA
Jason_emissions;Jason_concentrations	PCB measurement		PCB177	PCB177	Null value option	float			TRUE		0				Concentration or mass measurement for PCB congener 177.	Numeric value expected.       Special values:       NA = missing value.       ND = below the limit of quantification (LOQ).	"0.142"; ND; NA
Jason_emissions;Jason_concentrations	PCB measurement		PCB178	PCB178	Null value option	float			TRUE		0				Concentration or mass measurement for PCB congener 178.	Numeric value expected.       Special values:       NA = missing value.       ND = below the limit of quantification (LOQ).	"0.143"; ND; NA
Jason_emissions;Jason_concentrations	PCB measurement		PCB179	PCB179	Null value option	float			TRUE		0				Concentration or mass measurement for PCB congener 179.	Numeric value expected.       Special values:       NA = missing value.       ND = below the limit of quantification (LOQ).	"0.144"; ND; NA
Jason_emissions;Jason_concentrations	PCB measurement		PCB180.193	PCB180.193	Null value option	float			TRUE		0				Concentration or mass measurement for PCB congener 180.193.	Numeric value expected.       Special values:       NA = missing value.       ND = below the limit of quantification (LOQ).	"0.145"; ND; NA
Jason_emissions;Jason_concentrations	PCB measurement		PCB181	PCB181	Null value option	float			TRUE		0				Concentration or mass measurement for PCB congener 181.	Numeric value expected.       Special values:       NA = missing value.       ND = below the limit of quantification (LOQ).	"0.146"; ND; NA
Jason_emissions;Jason_concentrations	PCB measurement		PCB182	PCB182	Null value option	float			TRUE		0				Concentration or mass measurement for PCB congener 182.	Numeric value expected.       Special values:       NA = missing value.       ND = below the limit of quantification (LOQ).	"0.147"; ND; NA
Jason_emissions;Jason_concentrations	PCB measurement		PCB183	PCB183	Null value option	float			TRUE		0				Concentration or mass measurement for PCB congener 183.	Numeric value expected.       Special values:       NA = missing value.       ND = below the limit of quantification (LOQ).	"0.148"; ND; NA
Jason_emissions;Jason_concentrations	PCB measurement		PCB184	PCB184	Null value option	float			TRUE		0				Concentration or mass measurement for PCB congener 184.	Numeric value expected.       Special values:       NA = missing value.       ND = below the limit of quantification (LOQ).	"0.149"; ND; NA
Jason_emissions;Jason_concentrations	PCB measurement		PCB185	PCB185	Null value option	float			TRUE		0				Concentration or mass measurement for PCB congener 185.	Numeric value expected.       Special values:       NA = missing value.       ND = below the limit of quantification (LOQ).	"0.150"; ND; NA
Jason_emissions;Jason_concentrations	PCB measurement		PCB186	PCB186	Null value option	float			TRUE		0				Concentration or mass measurement for PCB congener 186.	Numeric value expected.       Special values:       NA = missing value.       ND = below the limit of quantification (LOQ).	"0.151"; ND; NA
Jason_emissions;Jason_concentrations	PCB measurement		PCB187	PCB187	Null value option	float			TRUE		0				Concentration or mass measurement for PCB congener 187.	Numeric value expected.       Special values:       NA = missing value.       ND = below the limit of quantification (LOQ).	"0.152"; ND; NA
Jason_emissions;Jason_concentrations	PCB measurement		PCB188	PCB188	Null value option	float			TRUE		0				Concentration or mass measurement for PCB congener 188.	Numeric value expected.       Special values:       NA = missing value.       ND = below the limit of quantification (LOQ).	"0.153"; ND; NA
Jason_emissions;Jason_concentrations	PCB measurement		PCB189	PCB189	Null value option	float			TRUE		0				Concentration or mass measurement for PCB congener 189.	Numeric value expected.       Special values:       NA = missing value.       ND = below the limit of quantification (LOQ).	"0.154"; ND; NA
Jason_emissions;Jason_concentrations	PCB measurement		PCB190	PCB190	Null value option	float			TRUE		0				Concentration or mass measurement for PCB congener 190.	Numeric value expected.       Special values:       NA = missing value.       ND = below the limit of quantification (LOQ).	"0.155"; ND; NA
Jason_emissions;Jason_concentrations	PCB measurement		PCB191	PCB191	Null value option	float			TRUE		0				Concentration or mass measurement for PCB congener 191.	Numeric value expected.       Special values:       NA = missing value.       ND = below the limit of quantification (LOQ).	"0.156"; ND; NA
Jason_emissions;Jason_concentrations	PCB measurement		PCB192	PCB192	Null value option	float			TRUE		0				Concentration or mass measurement for PCB congener 192.	Numeric value expected.       Special values:       NA = missing value.       ND = below the limit of quantification (LOQ).	"0.157"; ND; NA
Jason_emissions;Jason_concentrations	PCB measurement		PCB194	PCB194	Null value option	float			TRUE		0				Concentration or mass measurement for PCB congener 194.	Numeric value expected.       Special values:       NA = missing value.       ND = below the limit of quantification (LOQ).	"0.158"; ND; NA
Jason_emissions;Jason_concentrations	PCB measurement		PCB195	PCB195	Null value option	float			TRUE		0				Concentration or mass measurement for PCB congener 195.	Numeric value expected.       Special values:       NA = missing value.       ND = below the limit of quantification (LOQ).	"0.159"; ND; NA
Jason_emissions;Jason_concentrations	PCB measurement		PCB196	PCB196	Null value option	float			TRUE		0				Concentration or mass measurement for PCB congener 196.	Numeric value expected.       Special values:       NA = missing value.       ND = below the limit of quantification (LOQ).	"0.160"; ND; NA
Jason_emissions;Jason_concentrations	PCB measurement		PCB197	PCB197	Null value option	float			TRUE		0				Concentration or mass measurement for PCB congener 197.	Numeric value expected.       Special values:       NA = missing value.       ND = below the limit of quantification (LOQ).	"0.161"; ND; NA
Jason_emissions;Jason_concentrations	PCB measurement		PCB198.199	PCB198.199	Null value option	float			TRUE		0				Concentration or mass measurement for PCB congener 198.199.	Numeric value expected.       Special values:       NA = missing value.       ND = below the limit of quantification (LOQ).	"0.162"; ND; NA
Jason_emissions;Jason_concentrations	PCB measurement		PCB200	PCB200	Null value option	float			TRUE		0				Concentration or mass measurement for PCB congener 200.	Numeric value expected.       Special values:       NA = missing value.       ND = below the limit of quantification (LOQ).	"0.163"; ND; NA
Jason_emissions;Jason_concentrations	PCB measurement		PCB201	PCB201	Null value option	float			TRUE		0				Concentration or mass measurement for PCB congener 201.	Numeric value expected.       Special values:       NA = missing value.       ND = below the limit of quantification (LOQ).	"0.164"; ND; NA
Jason_emissions;Jason_concentrations	PCB measurement		PCB202	PCB202	Null value option	float			TRUE		0				Concentration or mass measurement for PCB congener 202.	Numeric value expected.       Special values:       NA = missing value.       ND = below the limit of quantification (LOQ).	"0.165"; ND; NA
Jason_emissions;Jason_concentrations	PCB measurement		PCB203	PCB203	Null value option	float			TRUE		0				Concentration or mass measurement for PCB congener 203.	Numeric value expected.       Special values:       NA = missing value.       ND = below the limit of quantification (LOQ).	"0.166"; ND; NA
Jason_emissions;Jason_concentrations	PCB measurement		PCB205	PCB205	Null value option	float			TRUE		0				Concentration or mass measurement for PCB congener 205.	Numeric value expected.       Special values:       NA = missing value.       ND = below the limit of quantification (LOQ).	"0.167"; ND; NA
Jason_emissions;Jason_concentrations	PCB measurement		PCB206	PCB206	Null value option	float			TRUE		0				Concentration or mass measurement for PCB congener 206.	Numeric value expected.       Special values:       NA = missing value.       ND = below the limit of quantification (LOQ).	"0.168"; ND; NA
Jason_emissions;Jason_concentrations	PCB measurement		PCB207	PCB207	Null value option	float			TRUE		0				Concentration or mass measurement for PCB congener 207.	Numeric value expected.       Special values:       NA = missing value.       ND = below the limit of quantification (LOQ).	"0.169"; ND; NA
Jason_emissions;Jason_concentrations	PCB measurement		PCB208	PCB208	Null value option	float			TRUE		0				Concentration or mass measurement for PCB congener 208.	Numeric value expected.       Special values:       NA = missing value.       ND = below the limit of quantification (LOQ).	"0.170"; ND; NA
Jason_emissions;Jason_concentrations	PCB measurement		PCB209	PCB209	Null value option	float			TRUE		0				Concentration or mass measurement for PCB congener 209.	Numeric value expected.       Special values:       NA = missing value.       ND = below the limit of quantification (LOQ).	"0.171"; ND; NA