sample_id,1,2,3,4,5,6,7,8,9,10,11,12.13,14,15,16,17,18.3,19,20.28,21.33,22,23,24,25,26.29,27,31,32,34,35,36,37,38,39,40.71,41,42,43,44.47.65,45,46,48,49.69,50.53,51,52,54,55,56,57,58,59.62.75,60,61.70.74.76,63,64,66,67,68,72,73,77,78,79,80,81,82,83,84,85.116,86.97.109.119,87.125,88,89,90.101.113,91,92,93.1,94,95,96,98,99,102,103,104,105,106,107,108.124,110,111,112,114,115,117,118,120,121,122,123,126,127,128.166,129.138.163,130,131,132,133,134,135.151,136,137,139.14,141,142,143,144,145,146,147.149,148,150,152,153.168,154,155,156.157,158,159,160,161,162,164,165,167,169,170,171.173,172,174,175,176,177,178,179,180.193,181,182,183,184,185,186,187,188,189,190,191,192,194,195,196,197,198.199,200,201,202,203,205,206,207,208,209,sum
S620,3.149,0.215,1.079,1.058,0.08,0.373,0.155,1.358,0.189,0.071,0.059,0.1,0,0.268,0.188,0.192,0.454,0.069,0.326,0.24,0.138,0.001,0.007,0.032,0.065,0.029,0.39,0.115,0.001,0.004,0,0.065,0.002,0,0.22,0.043,0.134,0.019,0.937,0.101,0.035,0.107,0.547,0.117,0.015,2.79,0.002,0.005,0.158,0.001,0.001,0.034,0.098,1.486,0.024,0.343,0.385,0.008,0.002,0.001,0.003,0.01,0,0.022,0,0.002,0.225,0.119,0.762,0.27,0.589,0.851,0.009,0.026,2.53,0.355,0.547,0.019,0.012,3.075,0.027,0.003,0.928,0.077,0.016,0,0.377,0,0.061,0.049,1.83,0,0.001,0.026,0.054,0.048,1.028,0,0,0.018,0.015,0.001,0,0.118,0.878,0.067,0.032,0.463,0.017,0.102,0.415,0.299,0.068,0.038,0.165,0.001,0.006,0.085,0.002,0.114,0.943,0.002,0.003,0.004,0.685,0.012,0,0.068,0.094,0.001,0,0,0.002,0.052,0,0.026,0,0.039,0.028,0.01,0.064,0.005,0.019,0.038,0.016,0.041,0.085,0.001,0.001,0.045,0.001,0.003,0,0.076,0,0.002,0.011,0.002,0,0.008,0.006,0.007,0,0.023,0.001,0.003,0.009,0.015,0.001,0.004,0.002,0.005,0.006,37.413
S643,0.45,0.055,0.28,0.199,0.026,0.122,0.041,0.411,0.049,0.015,0.065,0.046,0,0.13,0.091,0.088,0.215,0.021,0.204,0.142,0.09,0,0.004,0.016,0.033,0.014,0.244,0.059,0.001,0.003,0,0.042,0.003,0,0.25,0.043,0.142,0.019,1.182,0.08,0.026,0.099,0.638,0.093,0.008,3.406,0.001,0.004,0.19,0.002,0,0.032,0.113,2.368,0.031,0.444,0.54,0.01,0.001,0.001,0.004,0.014,0.001,0.032,0.001,0.001,0.336,0.147,1.056,0.393,0.865,1.188,0.017,0.043,3.745,0.461,0.809,0.018,0.016,4.366,0.031,0.005,1.371,0.1,0.022,0,0.573,0.001,0.117,0.097,2.867,0,0.002,0.048,0.078,0.062,1.863,0.002,0,0.028,0.029,0.001,0.001,0.153,1.365,0.101,0.058,0.778,0.028,0.18,0.674,0.457,0.114,0.07,0.242,0.003,0.009,0.14,0.003,0.186,1.588,0.003,0.005,0.007,1.052,0.022,0,0.076,0.149,0,0,0,0.004,0.073,0,0.031,0,0.034,0.027,0.004,0.058,0.005,0.019,0.038,0.015,0.05,0.062,0.001,0.002,0.045,0.002,0.003,0,0.067,0.001,0.003,0.009,0.001,0,0.007,0.005,0.006,0.001,0.012,0.001,0.003,0.006,0.01,0,0.001,0.002,0.001,0.003,41.77
S648,1.818,0.227,1.141,0.823,0.081,0.434,0.153,1.482,0.178,0.059,0.188,0.146,0.001,0.394,0.275,0.264,0.613,0.071,0.64,0.46,0.266,0.001,0.01,0.052,0.112,0.039,0.746,0.174,0.002,0.01,0,0.132,0,0,0.691,0.113,0.376,0.045,2.876,0.181,0.068,0.264,1.477,0.209,0.036,7.317,0.002,0.01,0.661,0.004,0,0.086,0.369,6.533,0.081,1.163,1.786,0.022,0.007,0.005,0.019,0.033,0,0,0,0,1.13,0.696,3.419,1.349,2.846,3.66,0.006,0.123,11.594,1.426,2.436,0.046,0.041,12.292,0.077,0.004,3.666,0.264,0.056,0.001,1.795,0,0.341,0.279,8.684,0,0.002,0.134,0.139,0.209,5.608,0,0,0.069,0.088,0,0,0.441,3.932,0.301,0.163,2.314,0.078,0.56,2.176,1.417,0.331,0.195,0.751,0.003,0.022,0.435,0.007,0.56,5.034,0.007,0.012,0.017,3.307,0.059,0.001,0.2,0.439,0.003,0,0,0.008,0.216,0.001,0.082,0,0.059,0.066,0.018,0.155,0.015,0.066,0.093,0.05,0.184,0.14,0.007,0.004,0.137,0.003,0.017,0.001,0.212,0.002,0.001,0.012,0.004,0,0.004,0.003,0.006,0.002,0.016,0.005,0.007,0.012,0.01,0,0.003,0.001,0.002,0.002,122.299
S649,1.74,0.207,1.042,0.876,0.078,0.421,0.153,1.45,0.178,0.061,0.209,0.127,0.001,0.336,0.258,0.251,0.601,0.072,0.585,0.411,0.245,0.001,0.01,0.047,0.102,0.037,0.722,0.166,0.002,0.007,0,0.131,0,0,0.776,0.125,0.426,0.044,3.305,0.191,0.072,0.294,1.685,0.228,0.04,8.52,0.002,0.009,0.759,0.003,0,0.093,0.422,7.658,0.094,1.344,2.071,0.02,0.005,0.005,0.003,0.036,0,0,0,0,1.381,0.971,4.144,1.621,3.649,4.399,0.002,0.146,14.265,1.741,2.98,0.054,0.054,14.852,0.09,0.003,4.494,0.328,0.067,0,2.318,0,0.422,0.342,10.804,0,0.002,0.173,0.176,0.307,7.081,0,0,0.09,0.107,0,0,0.569,5.031,0.38,0.202,2.882,0.095,0.697,2.599,1.673,0.423,0.238,0.934,0.003,0.025,0.522,0.009,0.694,6.111,0.008,0.014,0.02,4.126,0.071,0.001,0.257,0.558,0.003,0,0,0.01,0.272,0.001,0.105,0,0.074,0.082,0.021,0.176,0.016,0.073,0.108,0.054,0.191,0.164,0.01,0.004,0.157,0.002,0.018,0.001,0.23,0.002,0.002,0.015,0.005,0,0.005,0.003,0.006,0.002,0.018,0.004,0.006,0.012,0.011,0,0.007,0.001,0.003,0.003,145.834
S650,1.493,0.166,0.839,0.593,0.057,0.293,0.106,0.946,0.127,0.041,0.088,0.062,0,0.185,0.124,0.126,0.366,0.049,0.247,0.201,0.116,0.001,0.005,0.022,0.048,0.019,0.31,0.081,0,0.003,0,0.069,0.001,0,0.324,0.05,0.181,0.015,1.191,0.078,0.028,0.112,0.612,0.091,0.011,2.994,0,0,0.325,0,0,0.029,0.171,2.786,0.039,0.515,0.743,0.008,0,0,0.003,0.016,0,0,0,0,0.427,0.17,1.169,0.513,0.945,1.506,0.009,0.051,3.975,0.496,0.82,0.015,0.013,4.063,0.027,0.004,2.076,0.126,0.021,0,0.748,0,0.102,0.089,3.4,0.001,0.001,0.04,0.048,0.074,1.699,0,0,0.02,0.03,0,0,0.237,1.777,0.129,0.074,0.981,0.036,0.242,1.247,0.808,0.153,0.087,0.39,0.002,0.009,0.235,0.003,0.316,2.166,0.003,0.005,0.01,1.95,0.033,0,0.113,0.203,0,0,0,0.001,0.101,0,0.041,0,0.026,0.048,0.008,0.079,0.008,0.041,0.062,0.026,0.095,0.063,0.002,0.001,0.093,0.001,0.003,0,0.114,0,0.002,0.008,0.001,0,0.003,0.002,0.001,0,0.01,0,0.001,0.002,0.003,0,0,0,0,0,51.851
S616,2.366,0.22,1.14,0.675,0.063,0.3,0.125,0.967,0.143,0.056,0.041,0.078,0,0.2,0.073,0.07,0.156,0.027,0.114,0.092,0.051,0,0.003,0.018,0.027,0.012,0.136,0.036,0,0.003,0,0.001,0,0,0.104,0.018,0.051,0.003,0.528,0.03,0.009,0.032,0.265,0.038,0.002,1.551,0,0,0.107,0,0,0.009,0.059,1.197,0.011,0.207,0.255,0,0,0,0.004,0.011,0,0.006,0,0,0.207,0.069,0.579,0.232,0.46,0.76,0.002,0.026,1.864,0.241,0.438,0.006,0.008,1.927,0.015,0.001,0.949,0.064,0.006,0,0,0,0.056,0.044,1.782,0,0,0.021,0.019,0.038,0.901,0,0,0.012,0.014,0,0,0.154,1.141,0.088,0.042,0.578,0.023,0.126,0.672,0.413,0.096,0.042,0.247,0,0.003,0.124,0.001,0.188,1.199,0,0.003,0.004,1.166,0.019,0,0.079,0.126,0,0,0,0,0.071,0,0.029,0,0.032,0.033,0.001,0.078,0.005,0.025,0.056,0.02,0.061,0.067,0,0,0.069,0.004,0.003,0,0.096,0.001,0,0.005,0.001,0,0,0.001,0,0,0.005,0,0.001,0.001,0.001,0,0,0,0,0,29.636
S621,4.531,0.456,2.447,1.392,0.164,0.733,0.296,2.509,0.31,0.115,0.072,0.199,0,0.523,0.185,0.167,0.424,0.062,0.377,0.277,0.171,0.001,0.01,0.042,0.074,0.028,0.441,0.125,0.002,0,0,0,0.006,0,0.516,0.077,0.286,0.001,2.347,0.121,0.042,0.159,1.128,0.168,0.019,6.688,0,0.002,0.552,0,0,0.049,0.298,5.799,0.058,0.953,1.287,0.011,0,0,0,0.047,0,0.025,0,0.001,1.302,0.469,2.747,1.42,2.453,4.413,0.014,0.077,9.179,1.127,1.931,0.025,0.034,9.892,0.06,0.002,5.217,0.259,0.055,0,3.845,0,0.421,0.35,11.682,0,0.001,0.162,0.075,0.173,7.412,0,0,0.1,0.106,0,0.001,1.773,12.554,0.841,0.299,4.697,0.157,0.951,3.941,2.189,0.893,0.299,2.287,0.004,0.029,0.752,0.008,1.614,8.251,0.01,0.016,0.021,10.726,0.089,0,1.347,1.429,0.001,0.001,0,0.011,0.684,0,0.421,0,0.315,0.404,0.075,0.611,0.048,0.156,0.484,0.124,0.277,0.605,0.035,0.002,0.639,0.001,0.043,0.001,0.698,0.002,0.013,0.057,0.018,0,0.01,0.013,0.015,0.001,0.026,0.003,0.004,0.006,0.017,0.001,0.002,0.001,0.001,0,162.787
S657,2.046,0.209,1.089,0.71,0.077,0.366,0.148,1.235,0.158,0.055,0.05,0.143,0,0.361,0.098,0.104,0.206,0.03,0.212,0.159,0.089,0,0.006,0.024,0.044,0.017,0.224,0.062,0,0.005,0,0.052,0.001,0,0.154,0.02,0.083,0.001,0.723,0.052,0.017,0.052,0.362,0.05,0.004,1.95,0,0,0.159,0,0,0.018,0.065,1.755,0.02,0.287,0.428,0,0,0,0,0.004,0,0.013,0,0,0.424,0.222,1.213,0.503,1.052,1.516,0.002,0.022,4.3,0.465,0.862,0.002,0.015,4.005,0.022,0.002,1.423,0.069,0.019,0,0.889,0,0.156,0.137,3.608,0,0.001,0.062,0.012,0.08,2.446,0.001,0,0.03,0.044,0,0.001,0.232,1.927,0.148,0.075,0.897,0.036,0.209,0.741,0.444,0.152,0.074,0.343,0.001,0.005,0.162,0.001,0.251,1.862,0.003,0.003,0.006,1.462,0.023,0,0.117,0.218,0,0,0,0.002,0.107,0,0.048,0,0.04,0.041,0.001,0.075,0.002,0.028,0.04,0.025,0.054,0.086,0.001,0,0.065,0.001,0.004,0,0.084,0,0.002,0.008,0.001,0,0,0.002,0.002,0,0.004,0,0,0.001,0.006,0,0.001,0,0,0.001,47.93
S654,1.923,0.208,0.997,0.662,0.074,0.348,0.14,1.114,0.149,0.052,0.078,0.133,0,0.323,0.104,0.107,0.207,0.03,0.221,0.167,0.095,0,0.006,0.026,0.045,0.018,0.23,0.061,0,0.005,0,0,0,0,0.152,0.028,0.082,0.002,0.704,0.043,0.016,0.051,0.353,0.052,0.007,1.851,0,0.001,0.149,0,0,0.017,0.082,1.684,0.02,0.264,0.383,0,0,0,0,0.007,0,0.009,0,0.001,0.364,0.196,1.073,0.431,1.062,1.462,0.005,0.027,3.932,0.406,0.804,0.014,0.011,3.707,0.02,0.001,1.444,0.078,0.014,0,0.902,0,0.157,0.136,3.122,0,0.001,0.053,0.023,0.079,2.538,0,0,0.031,0.034,0,0,0.265,2.062,0.155,0.07,0.944,0.035,0.216,0.748,0.437,0.174,0.073,0.356,0,0.01,0.161,0.001,0.256,1.858,0.001,0.003,0.004,1.511,0.02,0,0.155,0.237,0,0,0,0.002,0.124,0,0.059,0,0.059,0.044,0.005,0.092,0.007,0.026,0.056,0.024,0.063,0.105,0.003,0,0.071,0,0.011,0,0.097,0,0.002,0.011,0,0,0,0.001,0.006,0,0.011,0,0.002,0.005,0.008,0,0,0,0,0,46.261
S655,1.937,0.19,1.012,0.648,0.07,0.35,0.139,1.096,0.158,0.052,0.047,0.131,0,0.335,0.101,0.096,0.204,0.025,0.209,0.161,0.096,0,0.007,0.026,0.043,0.016,0.222,0.057,0,0.006,0,0,0,0,0.166,0.029,0.085,0.009,0.777,0.05,0.015,0.054,0.374,0.058,0.005,2.085,0,0.002,0.153,0.001,0,0.016,0.091,1.773,0.021,0.301,0.445,0.002,0,0,0.003,0.006,0,0.01,0,0,0.403,0.207,1.107,0.422,1.026,1.406,0.001,0.04,3.915,0.407,0.853,0.014,0.008,3.755,0.022,0.001,1.394,0.072,0.016,0,0.799,0.001,0.135,0.116,2.936,0,0.001,0.053,0.002,0.064,2.247,0.001,0,0.026,0.04,0,0,0.215,1.74,0.138,0.065,0.817,0.03,0.192,0.7,0.437,0.153,0.067,0.3,0.001,0.004,0.146,0.002,0.224,1.74,0.001,0.004,0.006,1.323,0.021,0,0.128,0.194,0,0,0,0.004,0.099,0,0.046,0.001,0.057,0.032,0.003,0.077,0.007,0.024,0.049,0.024,0.063,0.091,0.005,0.001,0.057,0.002,0.005,0,0.094,0.001,0,0.014,0.001,0,0.006,0.002,0.004,0,0.009,0,0.002,0.001,0.008,0,0,0.001,0,0,44.896
S656,1.413,0.139,0.709,0.441,0.055,0.245,0.099,0.781,0.103,0.036,0.031,0.096,0,0.241,0.064,0.066,0.122,0.021,0.132,0.096,0.056,0,0.003,0.016,0.029,0.011,0.137,0.036,0,0.004,0,0.033,0,0,0.096,0.013,0.056,0.002,0.506,0.026,0.008,0.043,0.24,0.031,0.003,1.354,0.001,0,0.106,0,0,0.01,0.052,1.221,0.011,0.179,0.283,0.003,0,0,0,0.005,0,0.01,0,0,0.305,0.132,0.864,0.336,0.859,1.108,0.003,0.02,3.011,0.334,0.646,0.008,0.008,2.852,0.019,0.002,1.1,0.057,0.008,0,0.59,0,0.109,0.101,2.543,0,0,0.047,0.013,0.041,1.81,0,0,0.02,0.026,0,0,0.142,1.227,0.092,0.047,0.63,0.024,0.14,0.544,0.312,0.103,0.054,0.218,0,0.004,0.112,0.002,0.17,1.291,0,0.002,0.004,0.967,0.015,0,0.086,0.139,0,0,0,0.001,0.072,0,0.031,0,0.041,0.022,0.006,0.052,0.003,0.018,0.035,0.015,0.048,0.07,0.001,0.002,0.043,0.001,0.006,0.001,0.066,0.001,0.001,0.009,0,0,0.001,0.001,0.001,0,0.003,0,0,0.004,0.002,0,0.001,0,0,0,33.338
S662,1.975,0.223,1.101,0.678,0.081,0.375,0.152,1.233,0.162,0.053,0.114,0.136,0,0.314,0.151,0.142,0.305,0.039,0.295,0.227,0.129,0.001,0.008,0.031,0.054,0.022,0.338,0.088,0.001,0.006,0,0.078,0,0,0.357,0.047,0.213,0.023,1.799,0.094,0.036,0.113,0.94,0.119,0.016,5.278,0,0.004,0.356,0,0,0.041,0.186,3.944,0.001,0.694,0.912,0.007,0,0.001,0.005,0.031,0,0.001,0,0,1.268,0.421,2.551,1.153,2.627,3.565,0.004,0.069,9.001,1.055,1.912,0.029,0.032,9.207,0.055,0.003,3.229,0.163,0.04,0,5.849,0,0.57,0.443,9.77,0,0.001,0.245,0.091,0.172,10.54,0,0,0.138,0.139,0.001,0.001,3.308,19.243,1.252,0.291,5.37,0.173,0.853,2.587,1.321,1.17,0.26,2.41,0,0.026,0.538,0.005,1.422,7.196,0.005,0.009,0.014,9.261,0.063,0,2.728,2.048,0.002,0,0.001,0.068,1.042,0.001,0.819,0,1.023,0.528,0.201,0.906,0.053,0.13,0.62,0.151,0.249,1.55,0.047,0.013,0.612,0.001,0.063,0.001,0.746,0.001,0.032,0.192,0.05,0,0.035,0.026,0.04,0,0.068,0.003,0.012,0.01,0.046,0,0,0,0.004,0.001,158.975
S663,2.577,0.33,1.62,1.04,0.133,0.587,0.225,1.958,0.246,0.083,0.21,0.216,0,0.549,0.252,0.226,0.489,0.059,0.491,0.37,0.224,0,0.009,0.049,0.092,0.036,0.574,0.142,0.001,0.01,0,0.136,0,0,0.675,0.087,0.353,0.039,3.351,0.173,0.055,0.223,1.631,0.218,0.027,9.287,0.001,0.005,0.681,0.002,0,0.069,0.361,7.707,0.087,1.246,1.789,0.021,0,0.005,0.012,0.055,0,0.001,0,0,2.311,0.91,5.066,2.235,4.997,6.886,0.01,0.157,18.084,2.094,3.682,0.066,0.052,17.858,0.104,0.017,6.231,0.328,0.078,0,10.25,0.001,1.04,0.859,18.336,0.001,0.001,0.425,0.072,0.34,19.47,0,0,0.255,0.255,0.001,0.001,5.349,30.716,1.944,0.45,8.723,0.273,1.443,4.255,2.287,1.891,0.42,3.865,0.007,0.042,0.877,0.01,2.28,11.942,0.01,0.016,0.024,14.84,0.106,0,4.505,3.323,0.001,0.001,0,0.106,1.666,0.001,1.325,0.001,1.711,0.863,0.337,1.472,0.084,0.2,1.02,0.235,0.415,2.582,0.075,0.018,0.972,0.002,0.101,0.001,1.172,0,0.048,0.316,0.075,0,0.047,0.039,0.065,0.004,0.122,0.011,0.021,0.024,0.077,0,0.001,0.001,0.003,0.003,278.387
S664,2.357,0.332,1.611,1.003,0.129,0.589,0.224,1.94,0.245,0.078,0.189,0.216,0,0.539,0.238,0.223,0.471,0.061,0.49,0.364,0.212,0.001,0.011,0.051,0.095,0.035,0.585,0.144,0.002,0,0,0.133,0.006,0,0.684,0.091,0.364,0.037,3.542,0.152,0.055,0.231,1.768,0.228,0.034,9.808,0.001,0.002,0.687,0,0,0.073,0.365,7.773,0.083,1.285,1.784,0.001,0,0,0.01,0.054,0,0,0,0,2.221,0.841,4.63,2.054,4.467,6.628,0.013,0.151,16.638,1.897,3.541,0.062,0.055,16.492,0.094,0.006,5.903,0.313,0.072,0,9.708,0.001,0.984,0.778,17.261,0,0.002,0.407,0.096,0.347,18.342,0.001,0,0.238,0.207,0.001,0.004,5.681,32.489,2.057,0.469,9.114,0.288,1.52,4.487,2.346,2.036,0.465,4.067,0.001,0.045,0.931,0.01,2.417,12.509,0.01,0.017,0.025,15.684,0.114,0,4.738,3.474,0.009,0.001,0,0.118,1.787,0,1.4,0.001,1.769,0.9,0.334,1.544,0.094,0.204,1.038,0.245,0.425,2.671,0.086,0.016,1.016,0,0.106,0.003,1.234,0.001,0.049,0.325,0.085,0,0.051,0.042,0.068,0.007,0.119,0.025,0.02,0.022,0.075,0.002,0.002,0.003,0.005,0,277.046
S612,0.6,0.059,0.293,0.197,0.02,0.096,0.04,0.323,0.043,0.016,0.037,0.035,0,0.09,0.055,0.047,0.115,0.016,0.111,0.085,0.051,0,0.002,0.011,0.022,0.008,0.138,0.036,0.001,0.002,0,0.031,0.003,0,0.257,0.016,0.118,0.009,1.281,0.055,0.023,0.075,0.638,0.088,0.007,3.825,0.001,0.002,0.275,0,0,0.023,0.116,2.867,0.03,0.448,0.636,0.004,0.001,0,0.008,0.025,0,0.001,0,0.001,0.927,0.304,1.94,0.911,1.948,2.712,0.008,0.057,6.881,0.799,1.416,0.024,0.019,6.933,0.042,0.002,2.439,0.125,0.033,0,2.719,0.001,0.363,0.306,6.931,0,0.002,0.147,0.034,0.135,6.463,0,0,0.089,0.094,0.001,0.001,0.895,6.782,0.472,0.151,2.524,0.089,0.474,1.561,0.833,0.487,0.153,1.024,0.001,0.016,0.311,0.002,0.681,4.021,0.003,0.005,0.009,4.252,0.039,0,0.589,0.739,0.004,0.001,0,0.02,0.373,0.001,0.227,0,0.203,0.158,0.049,0.285,0.022,0.066,0.192,0.062,0.141,0.375,0.02,0.002,0.231,0.001,0.017,0,0.291,0.001,0.004,0.043,0.01,0,0.004,0.007,0.008,0.001,0.016,0.002,0.004,0.009,0.015,0.001,0.001,0,0,0,87.211
S624,1.163,0.13,0.621,0.424,0.051,0.227,0.081,0.714,0.091,0.032,0.118,0.077,0,0.191,0.133,0.123,0.269,0.037,0.239,0.168,0.105,0,0.006,0.022,0.049,0.021,0.278,0.079,0.001,0.005,0,0.061,0.004,0,0.416,0.04,0.201,0.027,2.403,0.087,0.036,0.138,1.248,0.165,0.015,7.649,0,0,0.397,0.001,0,0.045,0.18,4.953,0.051,0.812,1.043,0.006,0,0.002,0.019,0.041,0,0.001,0.001,0,1.177,0.685,3.309,1.374,3.122,4.137,0.005,0.096,12.394,1.473,2.57,0.053,0.03,12.758,0.075,0.01,4.149,0.228,0.057,0,2.698,0,0.447,0.379,9.857,0,0.001,0.173,0.041,0.208,7.445,0.001,0,0.082,0.117,0,0.001,0.668,5.404,0.406,0.173,2.479,0.088,0.544,1.972,1.229,0.43,0.189,0.895,0,0.013,0.409,0.004,0.655,4.827,0.006,0.011,0.016,3.888,0.06,0,0.383,0.614,0.001,0.001,0,0.013,0.305,0,0.146,0,0.124,0.105,0.03,0.207,0.02,0.062,0.131,0.041,0.142,0.235,0.012,0.002,0.165,0.001,0.011,0,0.217,0,0.005,0.023,0.003,0,0.008,0.001,0.011,0,0.017,0.001,0.001,0.004,0.012,0,0.001,0.001,0,0.001,122.078
S626,1.218,0.137,0.623,0.398,0.048,0.215,0.083,0.695,0.095,0.032,0.068,0.077,0,0.193,0.129,0.114,0.259,0.034,0.222,0.172,0.093,0,0.005,0.024,0.046,0.018,0.277,0.075,0,0.003,0,0.059,0.004,0,0.389,0.041,0.197,0.018,2.189,0.108,0.042,0.125,1.13,0.14,0.009,6.81,0.001,0.001,0.371,0,0.001,0.036,0.172,4.644,0.055,0.78,0.994,0.003,0,0,0.011,0.043,0,0.001,0,0,1.251,0.602,3.513,1.449,3.266,4.332,0.002,0.109,12.256,1.517,2.523,0.041,0.043,12.874,0.076,0.005,4.17,0.264,0.065,0.001,2.94,0,0.463,0.399,10.539,0.001,0.004,0.179,0.056,0.217,8.015,0,0,0.106,0.128,0,0.001,0.821,6.127,0.44,0.193,2.625,0.091,0.576,2.02,1.241,0.487,0.195,0.969,0,0.016,0.418,0.007,0.696,4.975,0.008,0.01,0.015,4.174,0.06,0,0.492,0.667,0.001,0.001,0,0.012,0.327,0,0.185,0,0.164,0.133,0.036,0.253,0.022,0.069,0.154,0.059,0.138,0.305,0.009,0.002,0.199,0.002,0.022,0,0.255,0,0.005,0.034,0.011,0,0.001,0.006,0.011,0,0.018,0,0,0.004,0.018,0.001,0.001,0,0.002,0.001,124.924
S635,3.504,0.576,3.033,1.824,0.239,1.154,0.413,3.876,0.436,0.137,0.456,0.501,0,1.302,0.597,0.504,1.064,0.139,1.191,0.92,0.547,0,0.025,0.128,0.23,0.087,1.447,0.348,0,0.024,0,0.37,0,0,1.964,0.269,1.085,0.111,9.671,0.394,0.157,0.616,4.769,0.566,0.069,27.824,0.003,0.001,2.009,0.001,0,0.188,1.108,22.604,0.236,3.74,5.359,0.047,0,0.013,0.036,0.153,0.001,0.002,0,0,5.705,2.139,13.109,5.715,12.721,16.831,0.032,0.361,46.115,5.578,9.054,0.208,0.156,44.468,0.249,0.03,16.619,0.861,0.209,0.001,24.863,0,2.533,2.004,46.285,0,0.007,1.045,0.411,0.927,47.134,0.001,0,0.631,0.599,0.002,0.002,14.571,82.616,5.305,1.256,23.354,0.754,3.857,11.693,6.393,5.034,1.212,10.451,0.003,0.201,2.376,0.026,5.994,32.2,0.023,0.047,0.064,39.962,0.302,0,12.434,8.93,0.044,0.002,0,0.298,4.399,0,3.619,0.001,4.621,2.356,0.832,3.905,0.207,0.527,2.593,0.612,1.073,6.974,0.211,0.049,2.561,0.003,0.273,0.003,3.135,0.003,0.13,0.863,0.223,0,0.11,0.111,0.151,0.011,0.262,0.057,0.043,0.052,0.191,0.004,0.019,0.006,0.013,0.002,724.281
S634,0.933,0.111,0.522,0.334,0.039,0.178,0.069,0.594,0.079,0.026,0.058,0.061,0,0.153,0.132,0.111,0.263,0.03,0.243,0.176,0.11,0,0.004,0.025,0.047,0.018,0.363,0.075,0,0.008,0,0.107,0.011,0.001,0.891,0.049,0.43,0.006,6.495,0.157,0.056,0.238,3.15,0.336,0.021,21.367,0,0.002,1.103,0.001,0,0.057,0.513,15.229,0.134,2.145,2.954,0.01,0.001,0.003,0.005,0.082,0.001,0.001,0.001,0.001,3.258,1.386,8.465,3.982,8.773,12.468,0.017,0.258,36.025,3.748,7.089,0.101,0.102,34.55,0.182,0.012,12.482,0.645,0.162,0.001,7.149,0.002,1.247,1.055,29.745,0.001,0.003,0.479,0.093,0.659,21.163,0.001,0,0.234,0.276,0.001,0.002,1.92,14.961,1.096,0.537,7.173,0.24,1.692,5.686,3.625,1.217,0.598,2.508,0.01,0.043,1.221,0.017,1.849,14.661,0.018,0.03,0.046,11.279,0.173,0,0.945,1.625,0.005,0.001,0.001,0.032,0.782,0,0.36,0,0.278,0.28,0.077,0.504,0.044,0.172,0.336,0.129,0.367,0.536,0.034,0.006,0.432,0.001,0.048,0.002,0.54,0.003,0.007,0.058,0.013,0,0.008,0.004,0.015,0,0.014,0.001,0.001,0.007,0.017,0.001,0.001,0,0,0.001,334.421
S792,2.07,0.239,1.169,0.689,0.066,0.382,0.147,1.288,0.165,0.054,0.141,0.138,0,0.344,0.163,0.167,0.382,0.044,0.387,0.269,0.157,0.001,0.008,0.037,0.073,0.026,0.456,0.103,0.002,0.01,0,0.096,0,0,0.474,0.053,0.267,0.034,2.777,0.063,0.043,0.177,1.447,0.177,0.01,8.306,0.001,0.009,0.463,0.002,0,0.054,0.245,6.123,0.061,0.964,1.368,0.013,0,0.003,0.032,0.046,0,0,0,0,1.43,0.399,4.087,1.697,3.912,5.071,0.033,0.118,14.705,1.666,3.103,0.073,0.051,15.624,0.089,0.01,3.669,0.294,0.07,0,4.041,0,0.567,0.479,7.765,0,0.001,0.232,0.46,0.304,10.282,0,0,0.139,0.152,0,0,1.682,13.542,0.781,0.282,4.55,0.149,0.954,3.249,1.804,0.816,0.306,1.756,0.006,0.051,0.654,0.01,1.144,7.986,0.009,0.015,0.021,6.973,0.068,0,1.236,1.263,0,0.228,0,0.037,0.642,0,0.41,0,0.453,0.28,0.093,0.505,0.036,0.112,0.328,0.102,0.225,0.765,0.029,0.008,0.378,0.002,0.054,0.001,0.466,0.001,0.012,0.083,0.023,0,0.012,0.011,0.018,0.003,0.036,0.008,0.009,0.015,0.026,0,0.005,0.001,0.004,0.002,167.737
S783,0.594,0.059,0.295,0.23,0.018,0.106,0.039,0.362,0.046,0.016,0.155,0.03,0,0.078,0.067,0.073,0.182,0.02,0.166,0.106,0.063,0,0.003,0.013,0.029,0.01,0.202,0.047,0.003,0.002,0,0.036,0,0,0.15,0.025,0.086,0.013,0.72,0.025,0.016,0.07,0.412,0.056,0.013,2.028,0,0,0.106,0.001,0.025,0.02,0.073,1.52,0.021,0.28,0.367,0.004,0.001,0.001,0.007,0.005,0,0,0,0,0.168,0.016,0.687,0.25,0.563,0.731,0.001,0.026,2.632,0.325,0.564,0.015,0.011,2.944,0.02,0.001,0.67,0.067,0.016,0,0.289,0,0.067,0.056,1.006,0,0.002,0.028,0.008,0.053,1.015,0,0,0.014,0.019,0,0,0.084,0.922,0.06,0.035,0.459,0.018,0.114,0.519,0.33,0.07,0.045,0.158,0,0.002,0.105,0.002,0.119,1.084,0.002,0.003,0.004,0.704,0.011,0,0.041,0.089,0,0.012,0,0.002,0.044,0,0.018,0,0.014,0.013,0.004,0.031,0.003,0.014,0.019,0.011,0.036,0.029,0.002,0.001,0.027,0,0.005,0,0.043,0,0,0.002,0.001,0,0.002,0.001,0.002,0,0.009,0.001,0.002,0.007,0.006,0,0.005,0.001,0.003,0.001,26.717
S784,0.756,0.079,0.387,0.302,0.024,0.145,0.054,0.501,0.063,0.021,0.189,0.045,0,0.115,0.096,0.102,0.256,0.027,0.238,0.153,0.091,0.001,0.004,0.018,0.04,0.014,0.282,0.065,0.004,0.002,0,0.049,0,0.001,0.205,0.035,0.117,0.018,0.935,0.034,0.022,0.095,0.527,0.075,0.013,2.497,0.001,0,0.157,0,0,0.029,0.104,1.998,0.027,0.365,0.497,0.006,0,0.001,0.004,0.009,0,0,0,0,0.244,0.057,0.886,0.335,0.744,0.962,0.001,0.032,3.312,0.408,0.706,0.02,0.015,3.617,0.024,0.001,0.844,0.081,0.02,0,0.443,0,0.093,0.077,1.354,0,0.003,0.038,0.031,0.068,1.432,0,0,0.022,0.026,0,0,0.135,1.366,0.088,0.048,0.65,0.024,0.159,0.673,0.415,0.097,0.058,0.221,0.001,0.003,0.131,0.002,0.161,1.449,0.002,0.004,0.005,0.971,0.015,0,0.067,0.13,0,0.02,0,0.001,0.066,0,0.027,0,0.026,0.023,0.007,0.054,0.005,0.019,0.032,0.016,0.052,0.061,0.003,0.001,0.044,0.001,0.008,0,0.074,0,0.001,0.005,0.002,0,0.005,0.002,0.004,0,0.022,0.003,0.004,0.014,0.016,0,0.007,0.001,0.007,0.001,35.298
S785,0.683,0.071,0.351,0.29,0.026,0.136,0.051,0.467,0.059,0.021,0.208,0.04,0,0.104,0.088,0.095,0.239,0.026,0.224,0.145,0.087,0,0.004,0.017,0.039,0.014,0.268,0.06,0.005,0,0,0.052,0,0,0.207,0.035,0.121,0.016,0.967,0.034,0.02,0.096,0.545,0.074,0.017,2.652,0.001,0.002,0.151,0.001,0,0.028,0.101,2.069,0.027,0.382,0.513,0.005,0.002,0.002,0.007,0.011,0,0,0,0,0.243,0.035,0.912,0.346,0.764,1.009,0.001,0.034,3.503,0.436,0.747,0.037,0.015,3.827,0.025,0.001,0.898,0.083,0.022,0,0.442,0,0.096,0.08,1.405,0,0.004,0.041,0.165,0.069,1.492,0,0,0.023,0.027,0,0,0.137,1.438,0.091,0.05,0.673,0.026,0.163,0.71,0.443,0.104,0.063,0.235,0,0.005,0.143,0.003,0.172,1.527,0.002,0.004,0.006,1.028,0.018,0,0.071,0.135,0,0.014,0,0.003,0.069,0,0.029,0,0.031,0.025,0.008,0.056,0.006,0.02,0.033,0.016,0.052,0.064,0.003,0.001,0.044,0.001,0.008,0,0.072,0,0.001,0.006,0.002,0,0.004,0.002,0.004,0,0.018,0.003,0.003,0.013,0.012,0,0.006,0.001,0.004,0.001,36.616
S777,2.145,0.246,1.2,0.675,0.061,0.368,0.143,1.204,0.158,0.052,0.142,0.129,0.001,0.314,0.159,0.162,0.377,0.045,0.352,0.239,0.142,0.001,0.008,0.033,0.07,0.025,0.421,0.101,0.002,0.011,0,0.098,0,0,0.567,0.037,0.313,0.034,3.861,0.069,0.048,0.195,1.919,0.229,0.102,12.196,0.001,0.011,0.619,0.003,0.156,0.055,0.306,9.135,0.082,1.279,1.899,0.016,0.002,0.005,0.006,0.067,0,0.001,0,0.001,1.873,3.604,5.886,2.253,5.232,6.648,0.006,0.157,21.337,2.381,4.479,0.086,0.068,22.595,0.122,0.038,5.154,0.391,0.097,0,3.826,0,0.698,0.577,10.024,0.001,0.008,0.273,4.214,0.433,12.003,0.001,0,0.151,0.173,0,0,1.191,12.526,0.743,0.4,5.565,0.189,1.094,4.88,2.854,0.83,0.46,1.842,0.004,0.167,0.995,0.016,1.362,11.317,0.013,0.023,0.033,8.088,0.073,0,0.567,1.134,0,0.013,0,0.024,0.559,0,0.231,0,0.178,0.18,0.048,0.353,0.03,0.132,0.22,0.097,0.275,0.358,0.022,0.004,0.31,0.002,0.042,0.001,0.399,0.002,0.004,0.033,0.011,0,0.007,0.006,0.009,0.001,0.019,0.006,0.007,0.01,0.013,0.001,0.003,0.001,0.002,0.002,217.077
S791,2.594,0.313,1.519,0.848,0.082,0.472,0.18,1.558,0.201,0.066,0.179,0.171,0.001,0.419,0.211,0.215,0.504,0.06,0.48,0.329,0.192,0.002,0.01,0.045,0.092,0.033,0.577,0.134,0.003,0.015,0,0.133,0,0,0.832,0.052,0.448,0.05,5.571,0.092,0.067,0.275,2.757,0.309,0.159,17.035,0.001,0.016,0.999,0.004,0.212,0.081,0.494,14.164,0.128,1.885,2.976,0.021,0.003,0.006,0.008,0.105,0,0.001,0,0,3.378,5.738,9.27,3.988,8.858,11.54,0.011,0.25,34.546,3.654,7.099,0.133,0.097,33.815,0.171,0.046,8.472,0.589,0.144,0.001,8.033,0.001,1.349,1.124,17.567,0.001,0.014,0.532,8.144,0.73,23.668,0.002,0,0.295,0.336,0.001,0.001,2.691,26.233,1.541,0.718,10.379,0.353,1.929,8.139,4.39,1.687,0.793,3.665,0.01,0.294,1.671,0.024,2.618,19.466,0.021,0.035,0.048,15.77,0.117,0,1.454,2.404,0,0.028,0,0.053,1.177,0,0.557,0,0.468,0.42,0.116,0.803,0.067,0.254,0.505,0.199,0.514,0.889,0.048,0.015,0.684,0.004,0.092,0.002,0.864,0.003,0.012,0.084,0.027,0,0.011,0.011,0.02,0.005,0.037,0.012,0.012,0.017,0.025,0.001,0.004,0.001,0.003,0.002,368.488
S314,0.027,0.007,0.019,0.067,0.003,0.025,0.006,0.112,0.009,0.003,0.57,0.01,0,0.034,0.049,0.048,0.11,0.013,0.119,0.077,0.045,0,0.002,0.011,0.028,0.007,0.154,0.032,0.001,0.004,0,0.027,0.002,0,0.218,0.014,0.113,0.018,1.558,0.047,0.018,0.071,0.747,0.09,0.007,4.619,0,0.004,0.255,0.001,0,0.028,0.099,3.384,0.028,0.495,0.679,0.011,0,0.002,0,0.014,0,0.015,0,0,0.513,0.271,2.141,0.665,1.415,3.184,0.003,0.052,7.225,0.875,1.52,0.024,0.023,7.5,0.042,0,2.556,0.141,0.032,0,0.797,0,0.186,0.162,6.215,0,0.001,0.065,0.003,0.126,2.934,0,0,0.032,0.041,0,0,0.229,2.234,0.161,0.089,1.28,0.05,0.347,1.337,0.886,0.217,0.119,0.433,0,0.009,0.255,0.005,0.356,3.124,0.004,0.007,0.01,2,0.042,0,0.097,0.235,0.002,0,0,0.004,0.099,0,0.041,0,0.023,0.031,0.007,0.065,0.006,0.027,0.037,0.019,0.067,0.059,0.008,0.008,0.056,0.008,0.005,0.001,0.088,0.005,0,0.005,0.002,0,0.001,0,0.002,0,0.005,0.001,0.002,0.003,0.004,0,0,0,0,0.002,67.123
S316,0.029,0.009,0.025,0.078,0.005,0.032,0.007,0.141,0.011,0.003,0.635,0.012,0,0.044,0.06,0.058,0.135,0.016,0.15,0.097,0.059,0,0.002,0.013,0.033,0.009,0.191,0.039,0.001,0.004,0,0.031,0.002,0,0.256,0.017,0.137,0.021,1.825,0.056,0.021,0.083,0.863,0.104,0.009,5.422,0,0.006,0.308,0.002,0,0.034,0.123,4.035,0.034,0.576,0.776,0.013,0.001,0.003,0,0.016,0,0.023,0,0,0.635,0.333,2.466,0.792,1.735,3.779,0.001,0.063,8.62,1.055,1.8,0.027,0.027,8.827,0.052,0,3.021,0.164,0.036,0,0.937,0,0.216,0.181,7.408,0,0,0.073,0,0.149,3.379,0,0,0.038,0.045,0,0,0.249,2.497,0.177,0.105,1.449,0.056,0.422,1.56,1.039,0.246,0.139,0.485,0.002,0,0.298,0.005,0.414,3.609,0.005,0.009,0.012,2.262,0.049,0.001,0.103,0.262,0,0,0,0,0.128,0,0.044,0,0.024,0.032,0.007,0.068,0.007,0.03,0.038,0.021,0.075,0.059,0.007,0.007,0.058,0.007,0.005,0.001,0.089,0.005,0,0.004,0.002,0,0.001,0,0.002,0,0.004,0.001,0.002,0.003,0.001,0,0,0,0,0.001,78.746
S317,0.037,0.011,0.032,0.113,0.009,0.045,0.01,0.201,0.015,0.005,0.807,0.016,0,0.058,0.081,0.08,0.179,0.021,0.195,0.125,0.074,0,0.002,0.016,0.038,0.012,0.245,0.052,0.001,0.004,0,0.042,0.003,0,0.332,0.026,0.17,0.028,2.379,0.074,0.025,0.102,1.096,0.128,0.009,6.897,0.001,0.006,0.394,0.001,0,0.036,0.154,5.362,0.043,0.766,1.015,0.012,0.001,0.003,0,0.016,0,0.02,0,0,0.786,0.513,3.062,0.95,2.178,4.554,0.004,0.076,10.719,1.316,2.236,0.037,0.035,11.091,0.06,0,3.65,0.203,0.044,0,1.134,0,0.273,0.228,9.173,0,0,0.092,0,0.207,4.208,0,0,0.041,0.055,0,0,0.314,3.111,0.232,0.128,1.808,0.069,0.509,1.936,1.267,0.307,0.173,0.61,0.001,0.007,0.371,0.007,0.505,4.463,0.006,0.011,0.014,2.82,0.06,0.001,0.132,0.329,0,0,0,0.004,0.161,0,0.055,0,0.03,0.041,0.009,0.084,0.008,0.037,0.047,0.025,0.089,0.073,0.005,0.005,0.073,0.004,0.004,0.001,0.108,0.003,0,0.005,0.002,0,0,0,0.001,0,0.003,0,0.002,0.002,0.003,0,0,0,0,0,98.63
S313,0.024,0.007,0.016,0.053,0.002,0.019,0.005,0.085,0.007,0.002,0.592,0.007,0,0.023,0.037,0.035,0.077,0.01,0.078,0.049,0.028,0,0.001,0.007,0.017,0.005,0.087,0.022,0,0.002,0,0,0.001,0,0.097,0.009,0.048,0,0.622,0.024,0.009,0.029,0.291,0.04,0.003,1.8,0,0,0.1,0.001,0,0.012,0.038,1.334,0.012,0.202,0.233,0.006,0,0.001,0,0.006,0,0.008,0,0,0.183,0.132,0.836,0.261,0.582,1.291,0.001,0.022,3.027,0.341,0.626,0.013,0.01,3.216,0.017,0,1.052,0.059,0.014,0,0.311,0,0.08,0.067,2.508,0,0,0.028,0.001,0.049,1.21,0,0,0.014,0.016,0,0,0.077,0.853,0.065,0.032,0.491,0.021,0.144,0.547,0.359,0.087,0.045,0.167,0,0,0.104,0.002,0.144,1.277,0.002,0.003,0.004,0.791,0.018,0.001,0.035,0.088,0,0,0,0.001,0.04,0,0.015,0,0.01,0.012,0.002,0.028,0.003,0.012,0.015,0.009,0.03,0.025,0.005,0.007,0.024,0.009,0.003,0.001,0.038,0.006,0,0.002,0.001,0,0,0,0.001,0,0.003,0,0.001,0.002,0.002,0,0,0,0,0.001,27.86
S318,0.035,0.006,0.024,0.078,0.004,0.035,0.008,0.149,0.012,0.004,0.268,0.012,0,0.048,0.102,0.085,0.216,0.021,0.34,0.251,0.157,0.001,0.003,0.037,0.096,0.014,0.555,0.065,0.001,0.033,0,0.294,0.039,0,3.609,0.225,1.607,0.173,24.547,0.308,0.13,0.706,8.141,0.618,0.03,56.319,0.001,0.001,9.719,0.017,0,0.316,3.691,107.296,0.692,8.034,19.816,0.188,0,0.04,0,0.544,0.001,0.542,0,0.001,34.616,15.852,77.486,39.136,71.425,142.583,0.015,1.705,296.118,24.96,53.977,0.486,0.514,212.979,0.698,0.003,104.741,3.581,0.592,0.002,71.381,0.002,12.44,9.936,395.308,0.001,0.001,4.365,0.005,6.181,211.575,0.024,0,2.427,2.402,0.001,0.002,19.432,171.71,12.341,5.528,90.045,2.817,22.561,71.765,39.576,16.23,6.381,28.459,0.047,0.014,13.043,0.186,22.858,182.253,0.168,0.256,0.337,128.438,1.899,0.001,8.631,17.707,0.085,0,0.001,0.307,8.025,0.001,3.212,0,1.968,2.316,0.514,4.651,0.395,1.685,2.809,1.171,3.779,4.054,0.281,0.088,3.655,0.023,0.275,0.016,5.041,0.023,0.038,0.372,0.11,0,0.024,0.03,0.05,0.015,0.087,0.037,0.037,0.047,0.059,0.001,0.001,0.001,0.003,0.001,2955.805
S322,0.035,0.007,0.026,0.086,0.005,0.039,0.008,0.17,0.014,0.004,0.335,0.015,0,0.058,0.117,0.096,0.243,0.024,0.39,0.286,0.182,0.001,0.003,0.039,0.102,0.016,0.617,0.074,0.001,0.036,0,0.34,0.044,0,4.223,0.191,1.798,0.179,25.792,0.328,0.137,0.725,9.227,0.664,0.034,61.595,0.001,0.17,11.529,0.022,0.001,0.329,4.438,126.434,0.809,9.058,24.629,0.214,0,0.041,0,0.673,0.001,0.654,0.002,0.001,37.758,19.309,87.909,47.07,88.871,160.424,0.016,2.172,359.191,29.348,66.9,0.594,0.608,272.526,0.804,0.005,127.235,4.23,0.674,0.001,94.895,0.003,15.521,12.343,462.818,0.002,0.005,5.369,0.05,6.443,270.962,0.003,0,3.039,2.924,0.001,0.002,25.938,215.197,15.318,6.949,107.876,3.438,26.774,81.402,45.017,18.923,7.789,35.977,0.004,0.45,15.831,0.204,27.892,209.297,0.183,0.286,0.393,157.013,2.235,0.001,11.448,22.525,0.001,0.001,0.001,0.407,11.039,0.001,4.449,0,2.765,3.051,0.702,6.25,0.517,2.045,3.667,1.492,4.523,5.615,0.373,0.115,4.88,0.026,0.18,0.02,6.649,0.026,0.057,0.53,0.15,0,0.032,0.042,0.069,0.02,0.124,0.049,0.05,0.061,0.086,0.002,0.003,0.002,0.004,0.002,3565.782
S315,0.035,0.008,0.026,0.099,0.009,0.043,0.011,0.192,0.015,0.005,0.234,0.014,0,0.056,0.098,0.09,0.208,0.023,0.302,0.212,0.139,0.001,0.003,0.027,0.054,0.014,0.467,0.063,0.002,0.012,0,0.242,0.032,0.006,2.987,0.146,1.299,0.146,19.413,0.222,0.092,0.498,6.952,0.494,0.026,47.164,0.001,0.066,8.398,0,0,0.177,3.264,92.577,0.602,6.794,17.36,0.066,0.003,0.015,0,0.383,0.001,0.465,0,0,26.352,12.995,56.319,27.356,55.908,110.918,3.118,1.41,237.801,17.094,44.168,0.403,0.411,167.576,0.531,0,80.472,2.807,0.46,0.001,61.45,0,10.268,8.221,294.027,0,0,3.713,1.731,4.384,180.657,0.044,0,2.21,2.037,0,0.158,19.124,162.74,11.344,5.097,80.016,2.642,19.07,59.568,32.354,14.792,5.767,26.589,0.102,0.684,11.449,0.153,20.463,154.733,0.14,0.211,0.292,116.293,1.638,0.001,9.01,16.863,0.1,0,0,0.327,7.703,0.024,3.378,0.019,2.121,2.355,0.547,4.702,0.383,1.533,2.794,1.123,3.393,4.347,0.282,0.086,3.585,0.021,0.3,0.016,4.892,0.019,0.043,0.414,0.122,0,0.025,0.031,0.054,0.015,0.095,0.039,0.038,0.047,0.065,0.001,0.003,0.001,0.003,0.002,2443.539
S312,0.004,0.002,0.005,0.011,0.001,0.007,0.002,0.028,0.002,0.001,0.141,0.007,0,0.018,0.027,0.021,0.051,0.004,0.115,0.084,0.056,0,0.001,0.011,0.022,0.004,0.181,0.019,0.001,0.01,0,0.088,0.009,0,0.828,0.055,0.365,0.053,5.268,0.073,0.031,0.158,2.085,0.156,0.012,13.56,0,0.034,2.508,0.004,0,0.075,1.036,22.703,0.156,1.938,4.658,0.059,0.004,0.01,0,0.51,0,0.114,0,0,16.681,3.768,16.916,13.306,22.555,51.557,0.736,0.444,70.825,4.536,12.166,0.12,0.106,43.403,0.146,0.115,24.017,0.72,0.13,0,122.61,0.006,9.867,7.352,140.571,0,0,4.52,1.921,1.184,192.513,0.032,0,3.284,1.806,0.149,0.001,81.319,317.328,23.662,3.92,99.96,2.812,13.657,30.239,11.514,23.619,3.262,47.793,0.078,0.556,5.665,0.049,24.736,103.485,0.046,0.054,0.083,167.48,0.624,0,56.416,41.671,0.341,0.288,0.026,1.304,21.601,0.029,15.521,0,15.188,9.081,2.53,14.686,0.727,1.479,9.547,1.958,2.803,23.773,0.901,0.182,8.142,0.012,0.805,0.017,10.888,0.01,0.392,3.031,0.733,0,0.225,0.264,0.316,0.044,0.532,0.138,0.092,0.099,0.424,0.015,0.018,0.006,0.015,0.005,2033.662
S320,0.004,0.003,0.005,0.014,0.002,0.01,0.003,0.037,0.003,0.001,0.178,0.008,0,0.019,0.036,0.029,0.074,0.007,0.142,0.103,0.066,0.001,0.002,0.019,0.055,0.006,0.201,0.024,0.001,0.032,0,0.103,0.011,0,0.991,0.087,0.41,0.058,5.237,0.113,0.048,0.215,2.124,0.18,0.014,12.883,0.001,0.177,2.471,0.025,0,0.195,0.942,20.606,0.17,1.884,4.388,0.234,0.01,0.036,0,0.797,0,0.194,0,0,13.381,3.527,14.362,10.971,16.2,46.504,0.576,0.466,61.57,4.167,10.59,0.117,0.113,37.81,0.153,0.107,20.181,0.714,0.131,0.001,79.355,0,7.658,5.727,115.664,0.034,0.11,3.401,1.669,1.213,139.029,0.096,0.001,2.449,1.441,0.204,0.001,54.759,269.026,17.182,3.24,76.87,2.246,11.002,26.008,10.183,17.439,2.79,34.666,0.04,0.576,4.953,0.047,19.266,85.467,0.046,0.057,0.084,135.299,0.589,0.001,36.911,29.239,0.271,0.166,0.023,0.935,15.804,0.031,10.609,0,9.75,6.269,1.763,10.227,0.538,1.164,6.684,1.444,2.266,16.376,0.632,0.139,5.852,0.016,0.58,0.014,7.935,0.013,0.255,1.942,0.483,0.001,0.153,0.174,0.227,0.033,0.378,0.1,0.069,0.075,0.292,0.011,0.013,0.004,0.01,0.004,1597.087
S321,0.006,0.003,0.005,0.017,0.001,0.01,0.002,0.038,0.003,0.001,0.193,0.009,0,0.02,0.035,0.026,0.074,0.007,0.14,0.101,0.059,0,0.001,0.017,0.044,0.005,0.212,0.023,0.001,0.026,0,0.104,0.012,0,0.967,0.068,0.423,0.056,5.623,0.098,0.044,0.205,2.137,0.172,0.015,14.439,0.001,0.129,2.409,0.016,0,0.158,0.934,21.075,0.165,1.911,4.431,0.159,0.009,0.029,0,0.67,0,0.189,0,0,13.223,3.691,15.687,11.68,18.593,44.909,0.539,0.449,65.139,4.316,11.645,0.132,0.119,44.327,0.167,0.114,21.023,0.72,0.145,0.001,87.056,0.001,7.93,5.828,116.375,0,0.1,3.385,1.757,1.166,147.647,0.078,0,2.425,1.526,0.229,0.004,60.14,286.668,18.413,3.57,81.966,2.428,11.492,28.358,11.42,17.967,3.054,38.32,0.055,0.635,5.341,0.05,21.014,93.912,0.048,0.062,0.091,145.183,0.618,0.001,39.407,30.78,0.301,0.142,0.014,1.016,16.917,0.034,11.601,0,11.64,7.205,2,11.566,0.622,1.298,7.401,1.564,2.578,18.156,0.721,0.154,6.646,0.016,0.726,0.015,9.1,0.013,0.289,2.293,0.556,0,0.173,0.188,0.242,0.034,0.403,0.106,0.073,0.078,0.313,0.012,0.014,0.005,0.011,0.005,1707.09
S383,0.022,0.005,0.015,0.05,0.003,0.023,0.005,0.089,0.007,0.003,0.198,0.009,0,0.027,0.05,0.043,0.109,0.012,0.128,0.091,0.055,0,0.002,0.015,0.046,0.007,0.176,0.032,0.001,0.016,0,0.06,0.007,0,0.646,0.046,0.292,0.041,3.852,0.092,0.039,0.155,1.538,0.153,0.015,9.292,0.001,0.04,1.124,0.01,0,0.097,0.456,12.71,0.102,1.295,2.468,0.066,0.007,0.016,0.009,0.088,0.001,0.088,0,0,2.677,1.299,7.673,3.156,7.094,12.197,0.56,0.222,27.867,2.455,5.663,0.077,0.074,24.171,0.111,0.082,9.369,0.424,0.087,0,4.356,0,0.893,0.743,26.827,0,0.021,0.348,0.669,0.455,13.445,0.009,0,0.199,0.182,0.001,0.002,1.433,12.342,0.899,0.486,6.889,0.248,1.842,6.206,3.873,1.104,0.596,2.277,0.013,0.081,1.206,0.022,1.737,15.296,0.018,0.03,0.043,10.165,0.19,0.001,0.546,1.289,0.012,0.003,0.003,0.022,0.643,0.004,0.223,0,0.139,0.182,0.04,0.352,0.037,0.138,0.21,0.094,0.323,0.331,0.025,0.015,0.287,0.01,0.032,0.003,0.42,0.008,0.003,0.03,0.01,0,0.006,0.007,0.012,0.004,0.021,0.008,0.008,0.009,0.016,0.001,0.003,0.001,0.002,0.003,261.981
S801,0.044,0.011,0.04,0.123,0.005,0.056,0.011,0.24,0.018,0.005,0.478,0.018,0,0.074,0.12,0.114,0.287,0.033,0.349,0.226,0.143,0.001,0.005,0.027,0.064,0.018,0.49,0.079,0.002,0.014,0,0.129,0,0,1.236,0.053,0.606,0.051,7.501,0.074,0.06,0.28,3.439,0.286,0.092,19.827,0.001,0.036,1.902,0.007,0.001,0.106,0.94,25.028,0.213,2.785,5.462,0.041,0.003,0.012,0.02,0.113,0,0.001,0,0.001,5.486,10.651,13.537,6.608,13.933,17.999,0.046,0.379,51.783,5.286,10.462,0.129,0.123,45.248,0.181,0.056,13.45,0.79,0.159,0,12.822,0,2.133,1.761,27.13,0.001,0.033,0.82,22.281,1.083,37.14,0.001,0.001,0.487,0.51,0.011,0,4.896,48.549,2.912,1.277,18.866,0.679,3.625,14.987,7.925,3.146,1.452,6.843,0.029,0.627,2.954,0.04,4.914,36.798,0.038,0.059,0.081,29.384,0.268,0.001,2.705,4.323,0,0.027,0,0.096,2.214,0,1.038,0,0.771,0.665,0.188,1.345,0.109,0.408,0.831,0.331,0.863,1.529,0.075,0.026,1.102,0.008,0.149,0.004,1.473,0.006,0.017,0.136,0.042,0,0.02,0.019,0.036,0.008,0.07,0.02,0.021,0.028,0.045,0.002,0.006,0.002,0.005,0.003,587.038
S802,0.039,0.01,0.035,0.103,0.005,0.046,0.01,0.199,0.015,0.005,0.382,0.015,0,0.062,0.1,0.095,0.235,0.028,0.282,0.186,0.119,0,0.004,0.022,0.055,0.015,0.396,0.066,0.002,0.012,0,0.11,0,0,0.969,0.043,0.483,0.041,5.915,0.062,0.049,0.231,2.731,0.231,0.063,15.845,0.001,0.031,1.483,0.007,0.001,0.091,0.73,19.416,0.168,2.183,4.272,0.038,0.003,0.01,0.021,0.094,0,0.001,0,0,4.222,8.225,10.469,5.058,10.787,13.864,0.036,0.291,40.234,4.079,8.171,0.113,0.093,35.175,0.142,0.036,10.473,0.621,0.126,0,9.99,0,1.657,1.354,21.024,0.001,0.029,0.624,16.504,0.833,28.869,0.001,0,0.377,0.396,0.006,0,3.878,38.395,2.27,0.989,14.769,0.522,2.828,11.705,6.246,2.434,1.126,5.337,0.024,0.488,2.292,0.031,3.818,28.791,0.031,0.046,0.063,23.345,0.211,0.001,2.169,3.383,0,0.022,0,0.076,1.721,0,0.825,0,0.632,0.528,0.15,1.06,0.087,0.323,0.662,0.263,0.677,1.233,0.06,0.02,0.864,0.007,0.114,0.003,1.152,0.005,0.015,0.113,0.035,0,0.018,0.018,0.03,0.006,0.058,0.016,0.017,0.022,0.038,0.002,0.004,0.003,0.004,0.002,457.821
S805,0.038,0.01,0.036,0.109,0.006,0.05,0.011,0.224,0.017,0.005,0.417,0.019,0.001,0.076,0.122,0.109,0.272,0.031,0.412,0.292,0.191,0.001,0.005,0.033,0.074,0.018,0.511,0.081,0.002,0.017,0,0.172,0,0,0.979,0.057,0.494,0.045,5.567,0.075,0.056,0.252,2.586,0.232,0.068,14.598,0.001,0.031,1.348,0.007,0.001,0.102,0.659,17.726,0.156,2.064,3.882,0.042,0.004,0.01,0.017,0.087,0,0.001,0,0,3.642,8.939,9.217,4.325,9.361,12.314,0.024,0.26,35.397,3.63,7.19,0.104,0.086,31.329,0.128,0.04,8.915,0.552,0.113,0.001,8.663,0,1.446,1.185,18.45,0.001,0.024,0.557,15.39,0.772,25.146,0.001,0,0.331,0.35,0.002,0,3.225,32.839,1.95,0.868,12.837,0.462,2.591,10.489,5.57,2.112,1.004,4.634,0.023,0.36,2.049,0.029,3.377,25.57,0.027,0.041,0.059,20.406,0.164,0.001,1.757,2.912,0,0.017,0,0.064,1.477,0,0.685,0,0.476,0.424,0.119,0.852,0.073,0.274,0.538,0.222,0.587,0.959,0.051,0.018,0.72,0.007,0.099,0.003,0.961,0.005,0.012,0.084,0.028,0,0.014,0.013,0.022,0.005,0.042,0.013,0.014,0.019,0.028,0.002,0.003,0.002,0.003,0.002,406.682
S781,0.002,0.002,0.003,0.007,0.001,0.005,0.001,0.018,0.002,0.001,0.08,0.003,0,0.009,0.016,0.013,0.032,0.003,0.061,0.044,0.03,0,0.001,0.005,0.013,0.003,0.092,0.011,0,0.006,0,0.044,0,0.002,0.383,0.018,0.182,0.014,2.419,0.02,0.017,0.079,1.077,0.082,0.023,6.8,0,0.016,0.829,0.003,0.133,0.033,0.383,9.424,0.07,0.876,2.092,0.019,0.002,0.005,0.007,0.123,0,0.001,0.042,0,3.759,6,5.875,3.767,7.643,10.432,0.014,0.161,24.804,2.02,4.705,0.052,0.045,17.236,0.062,0.02,6.151,0.301,0.059,0,14.301,0,1.816,1.426,18.502,0.001,0.014,0.728,11.801,0.559,33.869,0.001,0,0.447,0.415,0.019,0,6.781,59.887,3.407,0.988,18.271,0.606,2.815,9.977,4.412,3.394,0.978,7.546,0.019,0.407,1.939,0.02,4.903,27.739,0.02,0.025,0.038,30.57,0.118,0,4.564,5.304,0.001,0.061,0,0.144,2.743,0.022,1.62,0.014,1.381,0.929,0.297,1.774,0.135,0.366,1.109,0.367,0.719,2.404,0.1,0.029,1.327,0.005,0.175,0.004,1.678,0.004,0.039,0.233,0.07,0,0.029,0.021,0.033,0.006,0.052,0.015,0.013,0.015,0.037,0.002,0.005,0.001,0.002,0.003,415.403
S827,0.002,0.002,0.003,0.012,0.002,0.007,0.002,0.028,0.002,0.001,0.084,0.003,0,0.011,0.02,0.017,0.04,0.004,0.064,0.046,0.029,0,0.001,0.006,0.012,0.003,0.08,0.014,0,0.003,0,0.03,0.001,0.002,0.188,0.012,0.093,0.009,1.144,0.014,0.009,0.045,0.516,0.044,0.018,3.197,0,0.008,0.373,0.001,0.07,0.018,0.176,4.324,0.034,0.413,0.959,0.008,0.002,0.002,0.004,0.06,0,0,0.021,0,1.741,2.19,2.762,1.752,3.649,4.891,0.006,0.076,11.777,0.969,2.226,0.03,0.022,8.202,0.031,0.011,3.05,0.14,0.028,0,6.873,0,0.857,0.674,8.808,0,0.004,0.341,5.252,0.265,16.266,0,0,0.211,0.201,0.003,0,3.032,27.513,1.552,0.446,8.328,0.274,1.284,4.529,1.989,1.575,0.442,3.446,0.01,0.182,0.879,0.009,2.244,12.595,0.01,0.011,0.018,14.138,0.065,0,1.991,2.405,0.001,0.024,0.002,0.064,1.249,0.011,0.728,0,0.526,0.405,0.126,0.776,0.063,0.164,0.487,0.166,0.323,1.007,0.045,0.013,0.594,0.003,0.078,0.002,0.753,0.002,0.013,0.093,0.03,0,0.011,0.009,0.015,0.002,0.023,0.002,0.006,0.008,0.017,0.002,0.004,0.001,0.002,0.002,192.425
S571,0.026,0.006,0.021,0.082,0.005,0.038,0.007,0.173,0.011,0.004,0.212,0.01,0,0.063,0.181,0.16,0.392,0.04,0.433,0.265,0.16,0,0.004,0.031,0.071,0.027,0.619,0.116,0,0,0,0,0,0,0.523,0.035,0.3,0.054,4.41,0.203,0.072,0.243,2.639,0.435,0.021,16.596,0.001,0.002,0.276,0.001,0,0.059,0.099,4.627,0.048,1.134,0.845,0.006,0,0.002,0.024,0.007,0,0.007,0,0,0.245,0.36,2.214,0.391,1.078,1.432,0.006,0.065,6.186,1.095,1.431,0.005,0.041,10.967,0.104,0.003,1.782,0.217,0.07,0,0.287,0.001,0.077,0.064,3.379,0,0,0.023,0.024,0.088,1.145,0,0,0.013,0.016,0,0,0.059,0.642,0.043,0.037,0.483,0.016,0.152,0.767,0.663,0.052,0.05,0.148,0,0.005,0.13,0.005,0.118,1.468,0.002,0.007,0.009,0.653,0.023,0,0.026,0.068,0,0.001,0,0,0.036,0,0.011,0,0.01,0.011,0.002,0.034,0.002,0.017,0.016,0.013,0.062,0.031,0,0,0.027,0,0.004,0,0.072,0.001,0.001,0.001,0,0,0.008,0,0.004,0,0.073,0.002,0.007,0.046,0.048,0,0.027,0.004,0.025,0.002,74.863
S573,0.012,0.003,0.008,0.027,0.001,0.012,0.002,0.056,0.004,0.001,0.092,0.003,0,0.025,0.055,0.046,0.115,0.012,0.131,0.077,0.05,0,0.002,0.009,0.023,0.007,0.187,0.034,0,0,0,0,0,0,0.171,0.014,0.101,0.016,1.326,0.054,0.022,0.064,0.768,0.123,0.011,4.899,0,0,0.101,0,0,0.015,0.049,1.499,0.016,0.358,0.299,0.002,0,0,0.005,0,0,0.002,0,0,0.098,0.09,0.762,0.154,0.395,0.555,0.001,0.022,2.078,0.358,0.469,0.012,0.014,3.552,0.034,0.001,0.645,0.073,0.02,0,0.14,0.001,0.029,0.025,1.317,0,0.001,0.011,0.012,0.035,0.472,0,0,0.004,0.007,0,0,0.031,0.298,0.02,0.012,0.197,0.005,0.056,0.277,0.227,0.022,0.018,0.062,0,0.001,0.047,0.001,0.049,0.551,0,0.002,0.003,0.275,0.008,0,0.015,0.031,0,0,0,0,0.017,0,0.006,0,0.006,0.003,0.001,0.014,0.001,0.007,0.006,0.006,0.023,0.017,0,0.001,0.01,0.001,0,0,0.034,0.001,0,0.001,0,0,0.005,0,0.002,0,0.046,0.002,0.005,0.025,0.03,0,0.011,0.002,0.015,0.002,24.808
S564,0.039,0.009,0.036,0.135,0.005,0.07,0.011,0.315,0.019,0.005,0.196,0.018,0,0.109,0.304,0.265,0.677,0.07,0.711,0.433,0.25,0,0.008,0.05,0.114,0.041,0.982,0.189,0.001,0,0,0.001,0,0,0.789,0.069,0.468,0.075,6.835,0.289,0.105,0.354,4.155,0.664,0.041,26.353,0.003,0.001,0.415,0.001,0,0.084,0.153,7.105,0.072,1.78,1.333,0.012,0,0.003,0.082,0.016,0,0.017,0,0,0.487,0.406,3.724,0.717,1.856,2.646,0.011,0.101,10.482,1.798,2.318,0.055,0.07,18.106,0.176,0.013,3.207,0.372,0.105,0.001,0.619,0.001,0.129,0.116,6.057,0,0.006,0.043,0.111,0.15,2.125,0,0,0.022,0.035,0,0,0.167,1.528,0.102,0.063,0.914,0.03,0.264,1.436,1.154,0.114,0.083,0.304,0.001,0.01,0.239,0.007,0.232,2.682,0.004,0.011,0.016,1.328,0.041,0,0.089,0.155,0,0.001,0,0.001,0.083,0,0.035,0,0.031,0.028,0.007,0.081,0.006,0.038,0.041,0.031,0.153,0.076,0.001,0.001,0.064,0,0.01,0,0.151,0,0,0.005,0.001,0,0.007,0.002,0.006,0.001,0.067,0.006,0.01,0.046,0.043,0,0.019,0.003,0.022,0.001,124.46
S572,0.019,0.004,0.014,0.056,0.003,0.027,0.004,0.122,0.007,0.002,0.126,0.008,0,0.046,0.13,0.119,0.301,0.03,0.32,0.2,0.119,0,0.003,0.023,0.053,0.018,0.446,0.084,0,0,0,0,0,0,0.363,0.031,0.228,0.034,2.949,0.119,0.051,0.163,1.803,0.298,0.035,11.779,0.001,0.001,0.178,0,0,0.001,0.073,2.928,0.029,0.758,0.581,0.003,0,0,0.025,0,0,0.007,0,0,0.205,0.134,1.59,0.278,0.77,1.083,0.006,0.041,4.518,0.785,1.022,0.021,0.03,8.211,0.081,0.01,1.375,0.17,0.052,0,0.215,0,0.051,0.044,2.38,0,0.001,0.016,0.034,0.064,0.779,0,0,0.011,0.013,0,0,0.001,0.511,0.035,0.024,0.321,0.011,0.104,0.54,0.456,0.039,0.033,0.108,0,0.004,0.092,0.003,0.085,1.009,0.001,0.004,0.006,0.48,0.016,0,0.032,0.053,0,0,0,0,0.029,0,0.012,0,0.011,0.01,0.002,0.028,0.002,0.013,0.015,0.01,0.043,0.029,0,0,0.023,0.001,0.003,0,0.049,0.001,0,0.002,0,0,0.003,0,0.001,0,0.028,0,0.002,0.019,0.019,0,0.009,0.001,0.01,0.002,53.064
S568,0.022,0.007,0.021,0.076,0.006,0.048,0.007,0.181,0.011,0.003,0.154,0.013,0,0.057,0.128,0.122,0.271,0.031,0.334,0.205,0.12,0,0.003,0.024,0.051,0.019,0.372,0.081,0.001,0,0,0,0,0,0.318,0.022,0.181,0.037,2.54,0.105,0.036,0.116,1.435,0.212,0.009,9.215,0.001,0,0.211,0,0,0.032,0.087,3.253,0.034,0.703,0.692,0.006,0,0,0.04,0.006,0,0.009,0,0,0.305,0.296,1.701,0.406,0.966,1.329,0.006,0.049,5.001,0.785,1.107,0.029,0.03,7.832,0.068,0.009,1.499,0.168,0.043,0,0.512,0,0.082,0.07,3.343,0,0,0.031,0.046,0.077,1.381,0,0,0.019,0.021,0,0,0.234,1.675,0.094,0.039,0.651,0.022,0.171,1.451,0.816,0.103,0.05,0.316,0,0.007,0.192,0.004,0.194,2.251,0.002,0.005,0.007,1.329,0.021,0,0.187,0.162,0,0.001,0,0.002,0.092,0,0.058,0,0.072,0.052,0.019,0.175,0.012,0.075,0.085,0.076,0.373,0.178,0.003,0.002,0.127,0.001,0.031,0,0.357,0.001,0.002,0.014,0.004,0,0.008,0.003,0.012,0.003,0.082,0.013,0.02,0.077,0.053,0,0.02,0.003,0.023,0.002,60.994
S570,0.033,0.007,0.028,0.133,0.006,0.064,0.011,0.299,0.018,0.005,0.194,0.018,0,0.129,0.374,0.328,0.82,0.079,0.987,0.625,0.366,0,0.009,0.067,0.157,0.051,1.376,0.245,0.001,0,0,0,0,0,1.271,0.138,0.721,0.006,10.123,0.466,0.162,0.55,6.105,0.965,0.043,39.46,0.004,0.005,0.688,0.002,0,0.136,0.322,11.303,0.118,2.685,2.246,0.017,0,0,0.011,0.024,0,0.027,0,0.001,0.685,0.805,5.486,1.013,2.817,3.663,0.024,0.134,16.171,2.663,3.389,0.092,0.096,26.728,0.245,0.018,4.423,0.561,0.161,0,0.904,0,0.19,0.163,8.719,0,0.007,0.057,0.095,0.21,3.014,0,0,0.03,0.05,0,0,0.353,2.613,0.165,0.094,1.374,0.047,0.401,1.996,1.711,0.18,0.127,0.471,0,0.017,0.342,0.011,0.356,3.914,0.005,0.016,0.022,2.002,0.055,0,0.359,0.257,0,0.001,0,0.008,0.144,0,0.099,0,0.192,0.071,0.031,0.157,0.01,0.048,0.088,0.037,0.159,0.285,0.005,0.001,0.106,0.001,0.015,0,0.219,0.001,0.006,0.032,0.008,0,0.016,0.005,0.014,0.001,0.156,0.011,0.018,0.098,0.107,0,0.037,0.007,0.05,0.002,185.788
S238,0.025,0.009,0.025,0.062,0.004,0.039,0.006,0.185,0.011,0.003,0.897,0.025,0,0.082,0.217,0.173,0.521,0.039,0.684,0.399,0.243,0.001,0.005,0.047,0.105,0.029,1.526,0.142,0.002,0.017,0,0.001,0,0,3.108,0.135,1.758,0.194,23.715,0.706,0.245,1.125,13.548,1.643,0.103,81.59,0.003,0.002,2.559,0.004,0,0.277,1.115,38.077,0.386,7.203,8.002,0.049,0.008,0.02,0.243,0.002,0,0.001,0,0.001,4.09,2.612,19.14,5.439,13.632,18.4,0.058,0.542,60.369,8.541,13.323,0.337,0.295,79.837,0.594,0.103,19.507,1.601,0.412,0.002,5.192,0.001,1.127,0.958,49.695,0.001,0.014,0.361,0.341,1.16,16.926,0.001,0,0.187,0.302,0.001,0,1.126,10.818,0.755,0.504,7.036,0.225,1.884,7.447,5.571,0.903,0.658,2.066,0.008,0.08,1.41,0.036,1.674,16.787,0.024,0.056,0.075,9.033,0.238,0.001,0.433,1.129,0.002,0.001,0.002,0.017,0.579,0.002,0.214,0,0.142,0.159,0.038,0.352,0.033,0.158,0.203,0.106,0.414,0.299,0.019,0.007,0.294,0.003,0.029,0.001,0.424,0.003,0.003,0.026,0.008,0,0.004,0.004,0.006,0.001,0.016,0.005,0.008,0.013,0.01,0,0,0.001,0.001,0.001,590.037
S430,0.008,0.005,0.01,0.029,0.002,0.024,0.004,0.119,0.006,0.001,0.874,0.014,0,0.054,0.138,0.116,0.285,0.024,0.376,0.223,0.138,0,0.004,0.025,0.059,0.018,0.552,0.089,0,0,0,0.001,0,0,0.842,0.063,0.403,0.059,5.98,0.212,0.07,0.237,3.076,0.416,0.032,20.112,0.001,0.003,0.679,0,0,0.003,0.284,9.817,0.099,1.931,2.073,0.012,0.009,0.002,0.044,0.001,0,0.025,0,0,1.15,0.706,5.108,1.493,3.451,5.163,0.006,0.141,16.363,2.297,3.367,0.076,0.076,22.304,0.156,0.028,5.384,0.431,0.101,0,1.56,0,0.315,0.248,11.977,0,0.016,0.105,0.056,0.286,5.05,0,0,0.053,0.085,0,0,0.34,3.249,0.228,0.141,2.118,0.07,0.543,2.204,1.677,0.261,0.175,0.605,0.003,0.028,0.408,0.009,0.486,4.978,0.007,0.014,0.021,2.717,0.065,0.001,0.134,0.333,0.002,0.002,0.001,0.005,0.175,0,0.062,0,0.043,0.049,0.011,0.116,0.011,0.052,0.067,0.036,0.14,0.101,0.005,0.002,0.098,0.001,0.009,0,0.156,0.001,0.001,0.008,0.001,0,0.002,0.002,0.003,0.001,0.009,0.003,0.005,0.008,0.005,0,0,0,0.001,0.002,159.244
S431,0.298,0.039,0.211,0.173,0.012,0.126,0.027,0.626,0.039,0.009,0.541,0.052,0.001,0.371,0.887,0.639,1.623,0.122,3.043,2.068,1.328,0.003,0.022,0.196,0.479,0.113,3.688,0.555,0.008,0,0,0.005,0,0,4.146,0.473,2.3,0.337,23.471,1.179,0.421,1.606,12.459,1.63,0.174,75.164,0.007,0.037,3.407,0.014,0.001,0.006,1.583,39.609,0.411,8.03,9.301,0.108,0.007,0.018,0.263,0.002,0.001,0.104,0,0.001,3.872,2.285,20.134,5.071,12.272,16.755,0.084,0.568,59.989,8.597,12.845,0.085,0.272,81.443,0.562,0.022,18.36,1.504,0.374,0.001,4.975,0.002,1.029,0.804,42.404,0,0.011,0.335,0.222,0.903,16.331,0.001,0,0.174,0.258,0,0,1.032,10.864,0.715,0.493,7.37,0.233,1.872,9.128,6.595,0.787,0.585,2.258,0.009,0.1,1.58,0.034,1.729,18.851,0.023,0.054,0.071,9.919,0.223,0.001,0.403,1.09,0.009,0.003,0.001,0.013,0.59,0,0.185,0,0.175,0.212,0.054,0.656,0.052,0.292,0.353,0.224,0.957,0.511,0.013,0.008,0.508,0.003,0.078,0.001,0.985,0.003,0.003,0.03,0.008,0,0.01,0.011,0.027,0.007,0.06,0.018,0.03,0.05,0.029,0,0.001,0.001,0.002,0.001,598.311
S566,0.051,0.017,0.055,0.214,0.009,0.13,0.018,0.534,0.031,0.009,0.345,0.034,0,0.159,0.321,0.298,0.717,0.082,0.843,0.556,0.328,0.001,0.008,0.059,0.129,0.044,1.112,0.199,0.002,0,0,0.002,0,0,1.14,0.081,0.67,0.004,8.818,0.31,0.108,0.343,5.133,0.694,0.043,30.605,0.002,0.01,1.088,0.002,0,0.115,0.472,15.743,0.001,2.618,3.489,0.016,0.001,0.004,0.002,0.029,0,0.038,0,0,1.415,0.614,6.641,1.905,4.067,5.862,0.01,0.165,20.055,2.909,3.878,0.102,0.087,28.654,0.196,0.013,6.341,0.575,0.129,0,2.332,0,0.42,0.323,14.499,0.001,0.006,0.154,0.298,0.211,6.89,0.001,0,0.075,0.111,0,0,0.49,5.066,0.247,0.146,2.703,0.088,0.671,7.761,3.521,0.281,0.173,1.458,0.001,0.031,0.976,0.011,0.802,12.023,0.007,0.015,0.02,6.65,0.066,0.001,0.262,0.462,0.026,0.001,0,0.004,0.26,0,0.089,0,0.242,0.231,0.086,1.494,0.088,0.584,0.615,0.644,2.985,1.203,0,0,1.02,0,0.29,0,3.218,0.001,0.004,0.059,0.013,0,0.047,0.046,0.107,0.031,0.373,0.128,0.176,0.362,0.189,0.002,0.016,0.009,0.025,0.002,245.43
S567,0.02,0.007,0.02,0.272,0.017,0.292,0.026,1.725,0.062,0.009,0.604,0.113,0,1.337,3.998,2.967,7.755,0.518,13.099,8.477,5.338,0.013,0.091,0.823,1.992,0.507,15.818,2.615,0.035,0.074,0,2.468,0.001,0.001,12.703,1.815,7.888,1.351,71.483,5.244,1.645,5.924,41.929,6.369,0.587,249.504,0.034,0.19,7.904,0.048,0.001,1.617,4.006,103.141,1.199,23.314,23.275,0.292,0.01,0.07,0.194,0.002,0,0.204,0,0.001,7.214,6.395,45.559,10.429,27.469,37.895,0.052,1.187,147.332,21.474,31.579,0.813,0.703,225.486,1.529,0.137,39.742,4.095,1.063,0.005,8.582,0.001,1.938,1.546,86.595,0.001,0.005,0.678,2.436,1.893,30.84,0.002,0,0.343,0.474,0.001,0.001,1.706,20.076,1.337,1.009,14.437,0.478,4.082,20.897,15.819,1.425,1.2,4.56,0.015,0.136,3.687,0.074,3.568,41.252,0.047,0.127,0.167,19.737,0.502,0.001,0.629,1.945,0.001,0.002,0.001,0.013,1.124,0.001,0.287,0,0.306,0.418,0.108,1.274,0.105,0.629,0.668,0.448,2.017,0.95,0.029,0.013,0.996,0.005,0.16,0.001,1.879,0.006,0.004,0.061,0.019,0,0.019,0.021,0.047,0.013,0.11,0.037,0.053,0.084,0.063,0,0.006,0.002,0.007,0.001,1559.432
S569,0.03,0.01,0.029,0.11,0.005,0.063,0.009,0.249,0.015,0.004,0.163,0.015,0,0.071,0.148,0.139,0.336,0.04,0.366,0.245,0.15,0,0.003,0.029,0.063,0.02,0.496,0.093,0,0,0,0.001,0,0,0.482,0.042,0.283,0.002,3.571,0.129,0.047,0.151,2.112,0.296,0.023,12.596,0.001,0.001,0.429,0,0,0.047,0.187,6.018,0.053,1.094,1.283,0.008,0,0,0.003,0.012,0,0.018,0,0,0.519,0.33,2.418,0.747,1.649,2.283,0.008,0.063,8.246,1.117,1.632,0.036,0.036,11.124,0.078,0.01,2.459,0.215,0.051,0,0.957,0.001,0.172,0.133,5.595,0,0.003,0.067,0.135,0.118,2.748,0,0,0.036,0.047,0,0,0.002,1.969,0.095,0.06,1.059,0.033,0.268,2.995,1.359,0.103,0.074,0.555,0,0.009,0.382,0.005,0.326,4.631,0.002,0.006,0.008,2.624,0.029,0,0.086,0.179,0.003,0.001,0,0,0.103,0,0.03,0,0.074,0.086,0.031,0.549,0.035,0.223,0.234,0.244,1.143,0.43,0,0.001,0.387,0,0.106,0,1.256,0.001,0.001,0.019,0.004,0,0.028,0.015,0.044,0.011,0.285,0.053,0.081,0.217,0.161,0.001,0.052,0.012,0.066,0.002,97.673
S576,0.006,0.002,0.005,0.02,0.001,0.013,0.002,0.058,0.004,0.001,0.363,0.014,0,0.029,0.074,0.06,0.194,0.013,0.269,0.151,0.09,0,0.002,0.022,0.044,0.01,0.744,0.054,0,0.006,0,0.001,0.016,0.005,1.688,0.067,0.914,0.005,14.584,0.285,0.118,0.405,8.055,0.996,0.059,53.7,0.001,0.006,1.15,0.001,0,0.096,0.446,20.025,0.182,4.187,3.837,0.016,0.004,0.008,0.007,0.001,0,0.055,0,0,1.569,0.918,10.081,2.308,5.906,8.087,0.021,0.254,28.235,5.049,6.275,0.158,0.166,43.423,0.352,0.058,9.05,0.81,0.24,0.001,1.778,0.001,0.422,0.353,19.548,0,0.01,0.146,0.254,0.471,6.69,0,0,0.091,0.104,0,0,0.383,3.764,0.28,0.184,2.752,0.091,0.8,3.265,2.828,0.319,0.257,0.742,0.002,0.027,0.592,0.019,0.623,6.982,0.011,0.029,0.04,3.341,0.106,0,0.152,0.383,0.002,0.002,0,0.005,0.203,0,0.067,0,0.048,0.051,0.012,0.114,0.01,0.058,0.066,0.035,0.152,0.096,0.006,0.003,0.093,0.001,0.011,0.001,0.143,0.001,0.001,0.008,0.002,0,0.004,0.001,0.002,0,0.029,0.003,0.004,0.021,0.02,0,0.006,0.002,0.01,0.001,295.271
S577,0.009,0.005,0.011,0.039,0.004,0.03,0.005,0.14,0.008,0.002,0.997,0.029,0,0.08,0.212,0.168,0.532,0.034,0.786,0.448,0.273,0,0.005,0.056,0.116,0.025,2.218,0.152,0.001,0.018,0,0.002,0.001,0,5.851,0.188,3.174,0.343,49.033,0.89,0.368,1.749,26.904,2.987,0.164,172.445,0.003,0.005,4.148,0.001,0.001,0.429,1.629,68.81,0.606,14.376,13.255,0.059,0.01,0.022,0.27,0.224,0,0.152,0.001,0,6.847,5.893,34.474,8.56,21.482,30.04,0.057,0.934,97.402,17.194,21.668,0.511,0.522,149.251,1.187,0.04,30.316,2.884,0.771,0.004,6.751,0.001,1.655,1.403,73.163,0.001,0.071,0.488,0.291,1.753,24.514,0.001,0,0.257,0.425,0.001,0.001,1.542,14.587,1.099,0.783,10.361,0.329,2.999,12.008,10.035,1.312,1.044,2.843,0.015,0.13,2.158,0.063,2.349,26.082,0.037,0.098,0.137,12.593,0.39,0.001,0.607,1.52,0.007,0.003,0.002,0.021,0.783,0.002,0.258,0,0.179,0.192,0.047,0.431,0.04,0.208,0.25,0.13,0.545,0.356,0.022,0.009,0.349,0.003,0.041,0.002,0.506,0.004,0.004,0.03,0.009,0,0.004,0.004,0.008,0.003,0.017,0.006,0.008,0.014,0.01,0,0.001,0.001,0.002,0.001,1024.95
S584,0.015,0.003,0.009,0.032,0.001,0.014,0.003,0.061,0.004,0.001,0.113,0.003,0,0.015,0.047,0.045,0.115,0.012,0.104,0.063,0.034,0,0.001,0.008,0.018,0.007,0.151,0.031,0,0,0,0,0,0,0.112,0.01,0.062,0.016,0.9,0.049,0.016,0.053,0.559,0.109,0.009,3.752,0,0,0.05,0,0,0.011,0.019,0.84,0.01,0.233,0.171,0.002,0,0,0.003,0,0,0.003,0,0,0.057,0.035,0.434,0.083,0.224,0.288,0.004,0.012,1.154,0.228,0.269,0.007,0.009,2.214,0.023,0.001,0.347,0.042,0.014,0,0.079,0,0.015,0.013,0.693,0,0,0.005,0.012,0.015,0.245,0,0,0,0.005,0,0,0.038,0.259,0.016,0.008,0.115,0.004,0.033,0.168,0.131,0.017,0.01,0.047,0,0.001,0.027,0.001,0.03,0.321,0,0.001,0.002,0.192,0.004,0,0.03,0.026,0,0,0,0,0.015,0,0.009,0,0.016,0.008,0.003,0.024,0.002,0.007,0.014,0.007,0.027,0.03,0.001,0.001,0.016,0,0.003,0,0.035,0,0,0.003,0,0,0.001,0.001,0.001,0,0.004,0.001,0.001,0.003,0.002,0,0,0,0,0.001,16.157
S435,0.011,0.004,0.01,0.09,0.006,0.083,0.009,0.473,0.019,0.003,0.486,0.042,0,0.307,1.045,0.847,2.197,0.15,3.216,2.062,1.204,0.004,0.029,0.225,0.53,0.149,4.058,0.704,0.01,0,0,0.004,0,0,3.293,0.358,1.871,0.172,20.887,1.238,0.4,1.484,12.223,2,0.217,70.777,0.01,0.004,1.924,0.009,0,0.409,0.874,25.91,0.283,6.485,5.799,0.067,0.004,0.017,0.039,0.084,0,0.062,0,0,2.029,2.186,12.997,2.972,7.083,10.545,0.07,0.348,36.414,6.299,8.192,0.186,0.222,58.501,0.497,0.015,10.822,1.051,0.322,0.002,2.186,0,0.53,0.456,24.363,0.001,0.012,0.169,0.189,0.52,8.19,0,0,0.101,0.139,0,0,0.446,4.832,0.342,0.247,3.528,0.111,1.063,4.952,4.022,0.389,0.328,1.071,0.001,0.045,0.883,0.023,0.849,9.973,0.014,0.037,0.047,4.726,0.134,0.001,0.161,0.504,0.004,0.001,0,0.006,0.261,0,0.074,0,0.062,0.084,0.021,0.236,0.021,0.126,0.129,0.087,0.393,0.173,0.006,0.004,0.196,0.002,0.029,0,0.347,0.002,0.001,0.013,0.004,0,0.003,0.003,0.008,0.002,0.017,0.007,0.01,0.015,0.01,0,0,0,0.001,0.001,413.582
S437,0.04,0.009,0.031,0.084,0.007,0.061,0.079,0.307,0.016,0.004,0.487,0.029,0,0.133,0.399,0.357,0.944,0.072,1.098,0.68,0.356,0.001,0.011,0.084,0.185,0.057,1.757,0.28,0.004,0,0,0.001,0,0,2.186,0.12,1.196,0.074,18.66,0.638,0.214,0.799,10.866,1.534,0.093,66.458,0.004,0.003,1.319,0.001,0,0.183,0.524,23.915,0.209,4.907,4.461,0.026,0.013,0.006,0.062,0.084,0,0.063,0,0,1.735,1.923,12.109,2.604,6.779,9.441,0.051,0.316,31.485,6.166,7.133,0.167,0.196,50.692,0.461,0.063,9.75,0.968,0.28,0.002,2.245,0,0.488,0.41,22.153,0.001,0.005,0.164,0.417,0.488,7.851,0.001,0,0.099,0.126,0,0,0.478,4.504,0.325,0.232,3.244,0.096,0.932,3.793,3.312,0.375,0.306,0.884,0.001,0.023,0.661,0.021,0.714,8.093,0.012,0.032,0.044,3.902,0.116,0,0.182,0.465,0.001,0.001,0.001,0.007,0.241,0,0.076,0,0.052,0.062,0.015,0.166,0.014,0.079,0.093,0.053,0.235,0.13,0.006,0.003,0.135,0.001,0.02,0.001,0.233,0.001,0.001,0.009,0.002,0,0.002,0.002,0.006,0.003,0.015,0.006,0.008,0.014,0.009,0,0,0,0.001,0.002,357.42
S565,0.018,0.004,0.011,0.089,0.007,0.059,0.007,0.323,0.015,0.003,0.258,0.021,0,0.155,0.538,0.471,1.251,0.097,1.522,0.949,0.545,0.002,0.015,0.101,0.241,0.077,2.117,0.373,0.004,0,0,0.232,0,0.007,2.098,0.194,1.153,0.096,13.786,0.784,0.244,0.936,8.125,1.302,0.082,46.86,0.006,0.02,1.31,0.005,0,0.229,0.612,18.02,0.198,4.26,3.936,0.04,0.005,0.009,0.039,0.062,0,0.05,0,0,1.407,1.167,8.537,2.127,5.544,7.744,0.046,0.249,25.59,4.291,5.573,0.159,0.147,40.372,0.329,0.019,7.555,0.772,0.215,0.002,1.575,0,0.396,0.332,17.564,0,0.001,0.121,0.104,0.366,6.038,0,0,0.068,0.106,0,0,0.348,3.76,0.268,0.202,2.774,0.089,0.781,3.754,2.944,0.3,0.249,0.832,0.001,0.029,0.646,0.017,0.657,7.496,0.01,0.027,0.035,3.626,0.101,0,0.126,0.385,0.002,0.001,0.001,0.004,0.202,0.001,0.058,0,0.05,0.068,0.017,0.186,0.017,0.097,0.102,0.068,0.291,0.143,0.005,0.003,0.156,0.001,0.024,0.001,0.288,0.001,0.001,0.01,0.003,0,0.006,0.003,0.01,0.002,0.086,0.008,0.013,0.049,0.052,0,0.012,0.005,0.029,0.002,284.032
S574,0.045,0.009,0.055,0.096,0.007,0.075,0.011,0.383,0.02,0.004,0.225,0.035,0,0.275,0.72,0.569,1.421,0.098,2.971,2.003,1.299,0.002,0.017,0.191,0.44,0.093,3.619,0.499,0.007,0,0,0.004,0,0,4.813,0.493,2.584,0.055,27.047,0.844,0.402,1.594,13.649,1.684,0.289,79.986,0.007,0.064,3.926,0.016,0,0.481,1.933,49.348,0.471,8.597,11.123,0.122,0.011,0.026,0.012,0.223,0,0.119,0,0,4.482,3.526,22.295,6.097,14.975,20.975,0.161,0.58,71.407,10.391,14.588,0.316,0.277,86.56,0.55,0.115,21.624,1.475,0.398,0.002,6.944,0.001,1.408,1.117,50.735,0.001,0.005,0.481,0.31,1.096,23.388,0.001,0,0.259,0.307,0,0.001,1.756,18.834,1.227,0.739,11.944,0.375,3.156,14.805,9.685,1.326,0.924,4.102,0.004,0.039,2.56,0.047,2.969,30.908,0.029,0.07,0.094,17.362,0.32,0.001,0.687,1.89,0.001,0.002,0.001,0.013,1.043,0,0.296,0,0.385,0.434,0.122,1.403,0.107,0.546,0.724,0.455,1.778,1.22,0.025,0.012,1.06,0.004,0.175,0.002,2.073,0.004,0.005,0.075,0.022,0,0.031,0.033,0.073,0.02,0.21,0.057,0.075,0.14,0.121,0.001,0.016,0.005,0.02,0.002,730.605
S575,0.034,0.009,0.041,0.071,0.004,0.053,0.007,0.285,0.014,0.003,0.162,0.019,0,0.196,0.528,0.389,1.019,0.071,2.115,1.468,0.919,0.002,0.012,0.133,0.306,0.066,2.613,0.354,0.005,0,0,0.005,0,0,3.591,0.4,1.834,0.302,18.903,0.665,0.296,1.218,9.766,1.202,0.175,60.05,0.005,0.04,3.152,0.01,0,0.345,1.469,35.602,0.363,6.426,8.152,0.091,0.009,0.018,0.093,0.186,0,0.106,0,0,4.239,2.906,19.111,5.158,12.608,17.926,0.132,0.489,62.05,8.255,12.69,0.256,0.229,75.726,0.431,0.058,17.693,1.296,0.325,0.001,6.029,0.001,1.194,0.957,43.773,0.001,0.018,0.397,0.273,0.875,19.783,0.001,0,0.219,0.286,0,0.001,1.583,16.029,1.065,0.616,9.772,0.32,2.517,11.986,7.633,1.067,0.727,3.376,0.002,0.101,2.036,0.035,2.438,24.846,0.024,0.056,0.074,14.369,0.256,0.001,0.696,1.62,0.019,0.002,0.001,0.024,0.928,0,0.287,0,0.361,0.38,0.109,1.237,0.09,0.462,0.646,0.384,1.478,1.081,0.022,0.013,0.921,0.003,0.166,0.001,1.846,0.003,0.006,0.074,0.021,0,0.034,0.027,0.066,0.015,0.358,0.056,0.081,0.254,0.225,0.001,0.036,0.012,0.076,0.002,595.814
S432,0.009,0.005,0.01,0.035,0.003,0.024,0.004,0.112,0.007,0.002,0.731,0.022,0,0.062,0.147,0.126,0.406,0.027,0.524,0.328,0.194,0,0.003,0.045,0.095,0.02,1.673,0.108,0.001,0,0,0.001,0,0,4.404,0.113,2.276,0.265,36.866,0.692,0.291,1.267,20.31,2.353,0.102,130.286,0.003,0.021,3.321,0.001,0,0.323,1.292,52.781,0.474,10.219,10.937,0.038,0.007,0.018,0.222,0.173,0,0.001,0,0,5.542,3.643,27.411,6.691,16.198,20.718,0.081,0.749,75.601,12.725,17.311,0.362,0.405,110.806,0.859,0.038,25.05,2.109,0.595,0.003,5.288,0.001,1.258,1.027,52.154,0.001,0.021,0.404,2.029,1.013,18.674,0.001,0,0.243,0.297,0,0,1.123,10.659,0.803,0.558,7.636,0.225,2.218,8.683,7.44,0.925,0.755,2.095,0.009,0.095,1.617,0.045,1.732,19.124,0.028,0.07,0.103,9.274,0.28,0.001,0.42,1.134,0.004,0.008,0.001,0.015,0.584,0.003,0.184,0,0.117,0.136,0.032,0.316,0.03,0.157,0.189,0.097,0.403,0.252,0.014,0.007,0.264,0.003,0.03,0.001,0.388,0.003,0.002,0.02,0.006,0,0.003,0.002,0.006,0.002,0.013,0.005,0.006,0.011,0.008,0,0.001,0.001,0.001,0.001,773.471
S523,0.022,0.008,0.028,0.061,0.007,0.04,0.008,0.186,0.012,0.003,0.208,0.017,0,0.097,0.185,0.169,0.466,0.036,0.675,0.39,0.236,0,0.005,0.049,0.101,0.027,1.35,0.127,0.001,0,0,0.001,0,0,2.72,0.104,1.363,0.164,23.183,0.302,0.175,0.773,12.581,1.458,0.149,82.324,0.002,0.003,2.591,0,0,0.187,1.033,42.148,0.34,6.436,7.955,0.034,0.004,0.011,0.167,0.452,0,0.114,0,0,5.174,5.435,19.573,5.6,13.126,16.608,0.111,0.498,56.36,9.586,12.222,0.243,0.261,71.442,0.515,0.039,17.957,1.378,0.376,0.002,6.402,0.001,1.25,0.997,45.544,0.001,0.003,0.425,0.611,0.954,19.467,0,0,0.265,0.327,0.006,0.001,1.382,12.124,0.855,0.497,7.387,0.209,1.968,7.476,5.667,1.015,0.661,2.141,0.003,0.077,1.339,0.033,1.699,17.023,0.022,0.052,0.074,9.615,0.226,0.001,0.563,1.258,0.004,0.001,0,0.018,0.627,0,0.235,0,0.152,0.163,0.04,0.398,0.032,0.164,0.228,0.118,0.471,0.343,0.015,0.007,0.311,0.002,0.041,0.001,0.523,0.002,0.003,0.026,0.008,0,0.006,0.005,0.013,0.003,0.032,0.01,0.014,0.024,0.016,0,0.001,0.001,0.002,0.001,581.478
S436,0.025,0.01,0.028,0.399,0.029,0.423,0.039,2.469,0.088,0.012,1.04,0.183,0,1.929,6.155,4.52,11.493,0.781,19.2,13.129,7.666,0.019,0.137,1.242,2.937,0.771,25.811,3.856,0.05,0.001,0,3.72,0.001,0.001,21.618,2.835,11.654,2.048,120.211,6.987,2.555,9.479,64.978,10.187,1.419,399.529,0.055,0.354,13.105,0.076,1.415,2.908,6.757,174.878,2.11,37.812,39.908,0.546,0.007,0.097,0.223,0.609,0.001,0.347,0.001,0.002,15.513,18.301,91.247,20.361,51.931,77.507,0.096,2.188,278.001,40.573,59.688,1.181,1.258,403.589,2.868,0.427,72.664,7.132,2.041,0.009,17.978,0.002,4.223,3.405,178.631,0.002,0.021,1.366,0.989,3.853,72.888,0.002,0.001,0.801,0.95,0,0.002,4.039,44.132,3.179,2.138,32.402,1.043,9.044,43.361,32.366,3.336,2.531,10.269,0.016,0.171,7.609,0.159,7.583,87.984,0.095,0.248,0.324,43.509,1.012,0.002,1.497,4.459,0.001,0.012,0.001,0.001,2.529,0.001,0.65,0,0.697,0.925,0.221,2.703,0.225,1.337,1.487,0.938,4.124,2.048,0.06,0.021,2.075,0.012,0.329,0.004,3.834,0.012,0.01,0.132,0.041,0,0.039,0.045,0.095,0.03,0.205,0.075,0.104,0.156,0.119,0.003,0.007,0.004,0.007,0.002,2842.393
S582,0.027,0.012,0.034,0.481,0.038,0.557,0.048,3.289,0.114,0.014,1.252,0.24,0,2.74,8.55,6.35,16.685,1.02,31.493,21.698,13.943,0.031,0.188,1.942,4.723,1.112,41.49,6.009,0.079,0.289,0.001,7.436,0.002,0.001,41.725,5.392,21.693,3.485,222.314,11.826,4.36,15.739,113.033,16.357,2.289,689.548,0.085,0.621,29.218,0.159,2.598,4.55,14.502,349.291,3.945,68.718,80.981,0.979,0.044,0.21,0.199,1.578,0.001,0.004,0.003,0.001,36.331,19.248,179.728,44.528,110.717,171.041,0.069,4.415,565.479,80.2,117.419,2.247,2.377,799.272,5.033,0.401,160.643,13.033,3.488,0.015,41.553,0.005,9.745,7.945,410.285,0.004,0.059,3.254,0.754,8.612,151.112,0.005,0,1.823,2.262,0.001,0.001,9.548,104.038,7.131,4.883,71.647,2.34,19.867,96.77,66.618,7.07,5.567,23.079,0.013,0.524,16.577,0.31,16.979,193.841,0.198,0.491,0.6,98.704,2.101,0.003,3.743,10.313,0.003,0.011,0.003,0.139,6.079,0.001,1.651,0.001,1.969,2.416,0.608,7.329,0.55,3.166,3.956,2.325,9.575,5.833,0.154,0.068,5.487,0.02,0.863,0.01,10.054,0.024,0.029,0.376,0.116,0,0.142,0.146,0.29,0.081,0.657,0.224,0.286,0.419,0.363,0.007,0.02,0.012,0.019,0.002,5658.882
S583,0.022,0.009,0.023,0.314,0.022,0.325,0.031,1.907,0.07,0.009,0.769,0.137,0,1.405,4.265,3.333,8.943,0.571,14.627,9.903,6.041,0.015,0.103,0.924,2.25,0.574,18.523,2.928,0.04,0.001,0,3.095,0.001,0.001,17.912,2.453,9.49,1.6,99.733,5.623,2.031,7.624,50.354,7.919,0.946,319.68,0.041,0.301,11.262,0.055,0.001,2.219,5.535,138.923,1.591,29.632,31.639,0.407,0.021,0.08,0.811,0.535,0.001,0.003,0.001,0,12.645,7.712,65.778,15.786,42.171,59.663,0.029,1.724,213.689,29.634,43.836,0.817,0.928,309.626,2.032,0.271,59.729,5.195,1.433,0.006,14.006,0.001,3.373,2.606,139.922,0.001,0.009,1.044,0.664,3.162,51.799,0.003,0.001,0.649,0.769,0,0.001,3.149,35.766,2.421,1.783,25.185,0.841,7.174,35.138,26.156,2.502,2.124,8.172,0.045,0.27,6.258,0.111,6.125,70.183,0.079,0.2,0.254,35.693,0.813,0.002,1.158,3.519,0.026,0.009,0.004,0.032,1.99,0.003,0.509,0,0.567,0.745,0.187,2.258,0.186,1.123,1.237,0.781,3.413,1.715,0.052,0.023,1.732,0.009,0.296,0.004,3.239,0.011,0.008,0.109,0.034,0,0.037,0.037,0.083,0.025,0.185,0.065,0.089,0.134,0.103,0.002,0.006,0.004,0.007,0.001,2216.519
S674,0.005,0.003,0.005,0.049,0.004,0.055,0.005,0.332,0.012,0.002,0.295,0.028,0,0.259,0.787,0.554,1.553,0.095,2.654,1.864,1.154,0.003,0.018,0.177,0.418,0.099,3.517,0.533,0.007,0.031,0,0.624,0.029,0,3.162,0.476,1.823,0.278,17.236,0.961,0.344,1.348,9.692,1.337,0.182,58.336,0.006,0.04,2.075,0.015,0,0.389,1.143,27.002,0.317,5.742,6.486,0.087,0.007,0.022,0,0.115,0,0,0,0,2.816,2.421,14.392,3.651,9.487,11.923,0.032,0.399,47.701,6.409,10.4,0.099,0.192,66.69,0.403,0.025,12.864,1.122,0.3,0.001,3.255,0,0.725,0.646,19.869,0,0.002,0.245,7.324,0.601,12.138,0.007,0,0.143,0.181,0,0,0.803,8.361,0.597,0.421,6.202,0.203,1.615,8.133,5.873,0.596,0.483,1.859,0.011,0.06,1.475,0.024,1.41,16.241,0.019,0.045,0.057,8.295,0.172,0,0.281,0.845,0,0,0.001,0.012,0.479,0,0.13,0,0.127,0.164,0.041,0.459,0.041,0.242,0.272,0.166,0.752,0.352,0.013,0.006,0.381,0.003,0.057,0.001,0.671,0.002,0.002,0.025,0.008,0,0.008,0.009,0.016,0.005,0.037,0.014,0.019,0.028,0.02,0.001,0.002,0.001,0.002,0.002,458.91
S675,0.005,0.003,0.004,0.053,0.004,0.054,0.005,0.315,0.012,0.002,0.279,0.031,0,0.201,0.621,0.448,1.248,0.078,1.956,1.417,0.834,0.002,0.016,0.14,0.311,0.081,2.593,0.423,0.005,0.019,0,0.395,0.023,0,2.226,0.35,1.304,0.184,12.429,0.735,0.256,0.978,7.032,0.996,0.118,42.392,0.005,0.024,1.334,0.01,0.27,0.28,0.721,17.783,0.216,4.048,4.203,0.057,0.005,0.015,0.267,0.057,0,0,0,0,1.796,1.202,9.707,2.33,6.038,7.784,0.003,0.278,31.454,4.381,6.89,0.063,0.135,45.824,0.288,0.003,8.606,0.794,0.21,0.001,1.805,0,0.429,0.388,15.147,0,0.001,0.143,0.595,0.374,7.03,0.002,0,0.088,0.107,0.002,0,0.492,5.267,0.382,0.281,4.052,0.136,1.09,5.527,4.111,0.381,0.329,1.196,0.008,0.04,0.997,0.018,0.905,10.906,0.013,0.032,0.041,5.349,0.12,0,0.159,0.533,0.003,0,0,0.007,0.303,0.001,0.076,0,0.079,0.106,0.028,0.303,0.029,0.167,0.178,0.115,0.52,0.223,0.009,0.004,0.252,0.002,0.042,0.001,0.453,0.002,0.001,0.015,0.005,0,0.006,0.006,0.012,0.004,0.027,0.01,0.013,0.021,0.014,0.001,0.003,0.001,0.002,0.002,309.188
S676,0.004,0.003,0.006,0.053,0.004,0.061,0.005,0.37,0.013,0.002,0.358,0.032,0,0.304,0.898,0.628,1.752,0.106,3.038,2.149,1.332,0.003,0.022,0.201,0.476,0.112,4.028,0.61,0.008,0.033,0,0.714,0,0,3.722,0.551,2.13,0.322,20.122,1.056,0.409,1.583,11.307,1.568,0.265,67.59,0.007,0.05,2.378,0.016,0,0.458,1.319,31.023,0.369,6.71,7.486,0.098,0.007,0.021,0.093,0.121,0,0,0,0,3.171,3.148,16.598,4.139,10.525,13.588,0.008,0.459,53.813,7.425,11.828,0.029,0.221,76.333,0.476,0.034,14.436,1.286,0.35,0.001,3.516,0,0.795,0.714,25.995,0,0,0.273,1.926,0.663,13.267,0.013,0,0.161,0.199,0,0,0.823,8.725,0.628,0.459,6.648,0.219,1.758,8.929,6.526,0.631,0.531,1.971,0.012,0.061,1.617,0.027,1.499,17.585,0.021,0.05,0.064,8.758,0.191,0,0.285,0.885,0,0,0,0.012,0.506,0.002,0.132,0,0.127,0.17,0.043,0.484,0.043,0.262,0.283,0.179,0.831,0.36,0.014,0.006,0.403,0.003,0.062,0.001,0.717,0.002,0.002,0.025,0.008,0,0.007,0.008,0.017,0.006,0.041,0.015,0.02,0.032,0.023,0.001,0.002,0.001,0.003,0.001,517.257
S703,0.011,0.003,0.012,0.028,0.002,0.019,0.004,0.087,0.006,0.001,0.094,0.008,0,0.043,0.092,0.074,0.214,0.016,0.301,0.197,0.12,0,0.002,0.026,0.05,0.013,0.655,0.062,0.001,0.013,0,0.168,0,0,1.381,0.052,0.746,0.081,11.09,0.277,0.091,0.393,6.374,0.726,0.016,39.763,0.001,0.002,1.1,0.003,0,0.103,0.478,18.151,0.166,3.358,3.733,0.018,0.001,0.007,0.098,0.167,0,0,0,0,1.975,1.821,8.523,2.513,5.816,7.646,0.054,0.232,26.369,4.002,5.805,0.045,0.12,35.366,0.251,0.022,7.848,0.738,0.182,0.001,2.574,0,0.521,0.435,11.418,0,0.002,0.175,0.456,0.448,8.557,0,0,0.103,0.138,0.006,0,0.547,4.797,0.358,0.241,3.369,0.105,0.847,3.558,2.598,0.401,0.297,0.921,0.004,0.04,0.658,0.015,0.723,7.808,0.01,0.024,0.035,4.314,0.102,0,0.192,0.5,0.005,0.001,0,0.008,0.264,0.001,0.087,0,0.056,0.067,0.017,0.177,0.016,0.088,0.102,0.063,0.281,0.137,0.007,0.003,0.149,0.001,0.023,0,0.265,0.001,0.001,0.01,0.003,0,0.003,0.003,0.006,0.002,0.017,0.006,0.009,0.017,0.009,0,0.001,0.001,0.002,0.001,259.237
S741,0.009,0.002,0.008,0.02,0.001,0.012,0.002,0.058,0.004,0.001,0.065,0.005,0,0.025,0.054,0.045,0.13,0.01,0.179,0.115,0.069,0,0.002,0.016,0.029,0.008,0.368,0.038,0.001,0.007,0,0.091,0,0,0.721,0.028,0.386,0.016,5.828,0.146,0.049,0.21,3.376,0.404,0.016,21.32,0.001,0.001,0.533,0.001,0,0.053,0.232,9.009,0.082,1.753,1.834,0.01,0.001,0.004,0.097,0.074,0,0,0,0,0.964,0.666,4.514,1.275,3.05,3.837,0.006,0.126,13.82,2.148,3.058,0.033,0.066,19.119,0.14,0.012,4.237,0.396,0.102,0,1.16,0,0.245,0.208,5.745,0,0,0.084,0.244,0.209,4.017,0,0,0.05,0.069,0,0,0.244,2.203,0.163,0.114,1.601,0.05,0.409,1.767,1.33,0.188,0.146,0.427,0.002,0.019,0.326,0.008,0.343,3.828,0.006,0.013,0.018,2.045,0.052,0,0.083,0.229,0.002,0,0,0.004,0.12,0,0.038,0,0.026,0.031,0.008,0.081,0.007,0.042,0.047,0.03,0.135,0.063,0.003,0.001,0.07,0.001,0.011,0,0.126,0.001,0,0.005,0.001,0,0.003,0.001,0.003,0.001,0.018,0.003,0.005,0.014,0.012,0,0.005,0.001,0.005,0.001,133.699
S742,0.011,0.004,0.013,0.033,0.003,0.022,0.004,0.103,0.006,0.002,0.129,0.009,0,0.052,0.108,0.088,0.251,0.019,0.375,0.244,0.148,0,0.003,0.03,0.06,0.015,0.79,0.075,0.001,0.017,0,0.205,0,0,1.621,0.061,0.875,0.059,12.912,0.278,0.106,0.448,7.406,0.839,0.049,46.062,0.001,0.014,1.271,0.003,0,0.118,0.554,20.965,0.196,3.912,4.347,0.022,0.003,0.009,0.088,0.192,0,0,0,0,2.294,1.862,10.257,3.045,7.099,8.937,0.081,0.291,31.52,4.809,6.97,0.124,0.148,42.725,0.306,0.009,9.57,0.903,0.22,0.001,3.011,0,0.605,0.523,13.566,0,0.012,0.208,0.306,0.492,10.025,0.007,0,0.121,0.171,0.005,0,0.607,5.344,0.402,0.274,3.78,0.119,0.961,4.054,2.979,0.451,0.337,1.021,0.007,0.042,0.752,0.016,0.809,8.802,0.012,0.028,0.039,4.817,0.117,0,0.217,0.56,0.006,0,0,0.009,0.294,0.002,0.096,0,0.064,0.076,0.019,0.199,0.017,0.1,0.114,0.07,0.318,0.155,0.008,0.003,0.167,0.001,0.026,0.001,0.299,0.001,0.001,0.012,0.004,0,0.004,0.003,0.007,0.002,0.023,0.007,0.01,0.019,0.012,0,0.005,0.001,0.003,0.001,304.16
S852,0.018,0.006,0.025,0.056,0.006,0.04,0.007,0.198,0.011,0.002,0.211,0.022,0,0.12,0.231,0.174,0.501,0.037,0.777,0.514,0.308,0.001,0.006,0.065,0.134,0.031,1.825,0.153,0.002,0.057,0,0.516,0,0,5.49,0.184,2.828,0.234,43.617,0.577,0.288,1.344,22.92,2.257,0.124,142.797,0.003,0.046,5.355,0.005,0,0.002,2.313,85.901,0.752,13.404,17.583,0.074,0,0.027,0.266,0.84,0,0.001,0,0,12.663,6.921,43.391,15.189,35.802,41.842,0.009,1.207,140.163,18.69,30.443,0.64,0.544,165.661,1.048,0.052,49.83,3.448,0.762,0.003,21.239,0.001,3.713,3.058,97.186,0.001,0.003,1.341,0.949,2.631,60.749,0.001,0,0.83,0.949,0.003,0.001,5.798,45.612,3.374,1.79,26.301,0.842,5.98,24.295,16.593,3.765,2.163,7.902,0.057,0.35,4.522,0.093,5.993,56.538,0.068,0.142,0.206,36.109,0.699,0.001,2.775,4.769,0,0.001,0,0.095,2.455,0.014,1.027,0,0.841,0.695,0.197,1.719,0.132,0.612,1.027,0.484,1.792,1.744,0.068,0.023,1.312,0.007,0.16,0.005,2.188,0.007,0.015,0.145,0.042,0,0.034,0.03,0.067,0.014,0.171,0.05,0.062,0.107,0.086,0.002,0.009,0.004,0.009,0.001,1390.441
S851,0.022,0.01,0.028,0.074,0.008,0.049,0.008,0.227,0.016,0.004,0.203,0.032,0,0.119,0.299,0.215,0.641,0.044,0.817,0.561,0.335,0.001,0.011,0.093,0.226,0.043,1.837,0.195,0.002,0.077,0.001,0.463,0.002,0.001,5.746,0.184,2.88,0.181,46.826,0.776,0.338,1.497,24.082,2.482,0.12,156.865,0.001,0.01,5.281,0.03,0.006,0.479,2.207,86.825,0.757,13.968,17.1,0.153,0.001,0.055,1.385,0.74,0.001,0.003,0.002,0.001,13.628,6.202,51.21,16.011,38.729,50.417,0.066,1.5,167.001,23.259,34.892,0.599,0.66,204.764,1.257,0.191,57.784,4.069,0.963,0.002,17.797,0.001,3.887,3.26,109.412,0.002,0.012,1.13,1.387,2.911,58.236,0.003,0,0.73,0.979,0.002,0.002,6.352,50.177,3.609,2.046,26.972,0.824,6.658,28.511,20.143,4.114,2.488,7.651,0.006,0.473,5.208,0.112,5.966,65.824,0.092,0.171,0.248,35.177,0.836,0.001,2.738,5.248,0.006,0.002,0.002,0.095,2.783,0.004,1.102,0,0.774,0.673,0.197,1.638,0.124,0.541,0.959,0.499,1.543,1.598,0.063,0.025,1.257,0.006,0.163,0.004,2.061,0.008,0.018,0.135,0.039,0,0.04,0.035,0.073,0.015,0.182,0.051,0.069,0.113,0.096,0.001,0.006,0.008,0.013,0,1549.269
S853,0.018,0.009,0.022,0.048,0.004,0.026,0.006,0.111,0.01,0.003,0.111,0.013,0,0.066,0.165,0.123,0.353,0.023,0.464,0.309,0.182,0.001,0.005,0.054,0.13,0.023,1.066,0.113,0.002,0.043,0,0.232,0,0.007,2.863,0.107,1.499,0.06,23.381,0.418,0.183,0.761,12.478,1.391,0.066,81.029,0.003,0.002,2.596,0.004,0.001,0.256,1.052,42.414,0.379,6.978,8.379,0.081,0,0.025,0.68,0.355,0,0.001,0.001,0.001,6.156,3.326,22.685,7.26,17.001,22.168,0.05,0.676,75.144,10.401,15.687,0.118,0.31,93.108,0.609,0.048,25.746,1.819,0.459,0.001,9.129,0.001,1.723,1.43,48.734,0.001,0.004,0.618,0.132,1.284,27.893,0.001,0,0.405,0.46,0.001,0.003,2.522,20.239,1.502,0.832,12.231,0.409,2.76,11.629,8.317,1.631,1.011,3.596,0.004,0.177,2.164,0.047,2.783,27.048,0.041,0.078,0.108,16.732,0.355,0,1.085,2.098,0.001,0.001,0,0.041,1.154,0,0.441,0.001,0.341,0.327,0.096,0.801,0.067,0.301,0.477,0.234,0.866,0.751,0.034,0.014,0.63,0.005,0.067,0.002,1.001,0.005,0.007,0.065,0.02,0,0.014,0.011,0.035,0.007,0.083,0.022,0.032,0.055,0.054,0.001,0,0,0.005,0,713.255
S864,0.015,0.007,0.017,0.141,0.012,0.145,0.014,0.861,0.031,0.005,0.517,0.071,0,0.755,2.126,1.482,4.034,0.26,6.9,4.817,3.015,0.008,0.05,0.455,1.1,0.256,8.727,1.368,0.019,0.069,0,1.538,0,0,7.527,1.171,4.3,0.709,38.727,2.245,0.857,3.441,21.821,3.328,0.529,124.582,0.017,0.103,4.543,0.032,0,0.953,2.585,58.301,0.681,12.786,13.67,0.186,0.013,0.042,0.042,0.243,0,0,0,0,5.482,13.181,28.444,3.569,4.935,48.914,0.126,0.81,32.249,13.443,20.657,0.228,0.414,137.143,0.907,0.042,27.329,4.788,0.611,0.003,6.705,0,2.973,0.651,99.565,0.001,0.041,0.507,0.126,3.34,25.7,0,0,0.284,0.378,0,0,0.893,6.335,1.349,1.926,14.122,0.457,6.854,9.339,14.004,1.391,0.55,8.505,0.025,0.151,3.362,0.06,3.206,18.833,0.043,0.104,0.132,9.501,0.782,0.001,0.317,1.903,0.016,0.002,0,0.029,1.083,0.004,0.3,0,0.293,0.191,0.202,1.161,0.1,0.587,0.663,0.426,1.874,0.456,0.028,0.011,0.974,0.005,0.151,0.002,1.774,0.005,0.005,0.059,0.038,0,0.02,0.021,0.087,0.014,0.052,0.039,0.051,0.056,0.059,0.001,0.006,0.002,0.004,0.001,940.792
S865,0.014,0.006,0.014,0.13,0.011,0.133,0.012,0.787,0.028,0.004,0.422,0.064,0,0.68,1.959,1.381,3.774,0.239,6.334,4.379,2.699,0.007,0.045,0.413,0.993,0.236,7.918,1.264,0.017,0.06,0,1.38,0,0,6.655,1.006,3.813,0.603,33.774,2.178,0.775,3.071,19.216,3.037,0.41,108.328,0.016,0.098,4.015,0.029,0,0.847,2.298,50.426,0.584,11.198,12.105,0.163,0.009,0.037,0.036,0.224,0,0,0,0,4.815,11.036,24.56,3.172,4.268,42.157,0.089,0.713,27.802,11.579,17.764,0.179,0.364,117.706,0.788,0.049,23.742,4.119,0.528,0.003,5.959,0,2.587,0.578,86.784,0,0.002,0.442,0.247,2.47,22.955,0,0,0.243,0.334,0,0,0.765,5.538,1.158,1.625,12.254,0.383,6.021,8.19,12.154,1.192,0.469,7.422,0.016,0.089,2.94,0.051,2.79,16.463,0.036,0.089,0.112,8.393,0.666,0.001,0.268,1.651,0,0.001,0,0.024,0.94,0.003,0.258,0,0.255,0.174,0.185,1.07,0.092,0.535,0.606,0.394,1.725,0.412,0.024,0.01,0.902,0.004,0.143,0.002,1.638,0.004,0.004,0.052,0.035,0,0.017,0.019,0.08,0.013,0.048,0.035,0.046,0.053,0.055,0.001,0.008,0.002,0.004,0.001,819.007
S866,0.015,0.007,0.014,0.138,0.01,0.142,0.014,0.834,0.03,0.004,0.404,0.065,0,0.705,1.979,1.415,3.832,0.248,6.288,4.317,2.676,0.007,0.046,0.413,0.997,0.24,7.893,1.283,0.018,0.059,0,1.314,0,0,6.261,1.021,3.625,0.578,32.126,2.112,0.746,2.949,18.453,2.918,0.381,104.077,0.016,0.095,3.764,0.026,0,0.809,2.135,47.435,0.559,10.59,11.365,0.156,0.01,0.034,0.076,0.205,0,0,0,0,4.369,10.109,22.662,2.946,3.946,39.018,0.056,0.648,25.837,10.813,16.659,0.177,0.339,109.623,0.743,0.038,22.045,3.853,0.493,0.002,5.441,0,2.391,0.529,80.112,0,0.001,0.401,0.13,2.307,20.878,0,0,0.226,0.307,0,0,0.7,5.012,1.058,1.505,11.183,0.364,5.475,7.47,11.028,1.108,0.431,6.713,0.006,0.077,2.645,0.046,2.533,15.015,0.033,0.082,0.104,7.59,0.614,0.001,0.241,1.484,0,0.003,0,0.021,0.838,0,0.23,0,0.22,0.153,0.159,0.936,0.081,0.478,0.531,0.35,1.534,0.352,0.022,0.009,0.789,0.004,0.13,0.002,1.432,0.004,0.003,0.044,0.03,0,0.015,0.015,0.067,0.011,0.041,0.03,0.041,0.046,0.047,0.001,0.006,0.002,0.005,0,766.234
